,0,1,2,3,4,5,6,7,8,9,10,11,12,13,14,15,16,17,18,19,20,21,22,23
0,1123.782,1050.94,979.241,929.576,901.849,862.112,764.051,776.108,809.988,861.448,914.259,954.915,977.261,993.255,1006.111,1014.435,1015.842,1013.168,1032.983,1216.518,1260.847,1228.832,1163.651,1082.158
1,1000.33,925.114,885.667,853.816,840.172,818.287,767.826,807.623,868.399,933.233,986.117,1027.438,1035.624,1033.462,1025.57,1008.908,1008.655,1005.716,1041.654,1233.782,1281.797,1245.864,1164.602,1060.84
2,969.924,902.903,865.411,845.226,847.663,863.333,866.345,965.23,1077.211,1148.896,1192.561,1222.005,1197.325,1210.974,1244.365,1252.734,1237.592,1189.188,1180.105,1352.042,1385.938,1331.786,1221.296,1089.669
3,989.884,927.232,896.158,880.992,885.99,907.946,903.033,996.071,1090.103,1149.277,1180.388,1198.538,1157.152,1164.548,1191.842,1199.481,1177.402,1148.994,1139.113,1304.507,1332.105,1272.368,1158.386,1038.681
4,947.698,896.965,867.564,850.125,858.319,870.574,883.335,993.391,1116.336,1199.17,1238.884,1283.33,1260.462,1296.728,1349.118,1365.817,1337.953,1289.532,1248.659,1398.32,1441.842,1387.183,1273.856,1143.63
5,1041.56,969.273,928.403,911.141,917.102,924.68,924.724,1043.495,1174.686,1270.974,1325.939,1364.469,1345.391,1384.306,1437.186,1451.576,1415.205,1344.406,1293.793,1438.196,1468.637,1422.123,1326.182,1213.379
6,1122.327,1044.553,1000.209,970.473,963.332,956.089,922.268,1003.505,1115.02,1219.023,1290.976,1325.277,1314.264,1313.312,1334.07,1332.107,1309.313,1278.55,1262.846,1424.558,1460.868,1411.612,1322.702,1226.617
7,1131.811,1055.701,1005.191,974.559,955.442,934.43,865.416,904.072,972.507,1040.476,1088.615,1131.596,1139.772,1134.03,1155.296,1165.709,1165.694,1169.619,1175.884,1343.521,1398.884,1365.582,1287.512,1179.097
8,1084.639,1014.977,971.019,943.53,944.432,963.068,967.701,1055.764,1172.331,1262.813,1296.119,1324.616,1308.595,1359.336,1397.69,1390.051,1357.249,1295.961,1245.477,1396.172,1443.522,1387.848,1271.198,1148.111
9,1049.422,984.191,949.67,926.771,932.426,946.091,942.487,1058.258,1193.842,1299.385,1355.426,1389.075,1353.085,1386.048,1431.733,1443.172,1409.114,1339.563,1280.232,1428.662,1490.805,1442.518,1332.718,1199.156
10,1091.684,1023.005,983.982,963.645,968.719,985.752,982.943,1095.055,1230.001,1318.828,1373.325,1412.061,1368.823,1414.654,1473.628,1489.745,1452.71,1371.316,1310.823,1457.438,1489.136,1442.677,1352.104,1226.436
11,1128.683,1051.228,1008.848,986.58,991.341,1007.066,1006.189,1121.218,1197.509,1268.574,1288.963,1314.336,1266.242,1302.119,1358.735,1380.449,1354.583,1297.172,1241.369,1399.148,1465.124,1408.419,1299.32,1166.712
12,1073.947,1009.185,973.331,952.641,963.216,979.583,979.533,1096.39,1218.863,1307.935,1362.473,1387.703,1349.129,1368.547,1406.927,1386.797,1344.345,1266.018,1222.82,1356.466,1400.841,1344.17,1236.783,1112.443
13,1023.742,968.868,933.365,916.059,908.802,923.864,888.486,945.869,1029.476,1107.098,1140.828,1153.622,1123.73,1108.181,1108.664,1113.321,1100.971,1079.356,1083.136,1254.959,1315.215,1260.577,1167.606,1057.708
14,975.848,916.317,883.599,852.886,838.347,825.962,762.612,810.047,881.097,941.373,981.906,1013.173,1024.854,1033.386,1048.603,1072.572,1083.148,1079.033,1079.514,1252.721,1334.714,1302.28,1211.995,1096.843
15,998.089,931.362,890.394,868.308,873.529,896.168,917.266,1051.634,1174.371,1264.414,1326.796,1367.83,1351.947,1394.22,1447.264,1451.622,1420.754,1361.451,1297.185,1443.192,1510.667,1461.349,1352.48,1221.899
16,1112.836,1042.457,999.749,975.688,975.79,991.049,983.129,1108.065,1247.559,1348.118,1399.561,1438.053,1401.586,1443.849,1509.188,1486.716,1423.276,1347.188,1295.446,1452.635,1511.76,1463.26,1355.297,1226.537
17,1122.204,1051.638,1014.481,991.561,991.579,1025.122,1032.63,1155.748,1285.755,1373.921,1420.233,1461.651,1431.231,1473.897,1533.117,1539.04,1486.737,1407.145,1343.273,1501.777,1552.1,1509.021,1389.914,1253.856
18,1159.497,1098.624,1044.281,1015.707,1001.988,1021.184,1036.259,1141.859,1268.184,1352.838,1414.193,1457.563,1423.253,1462.151,1517.198,1521.414,1480.174,1397.782,1324.358,1474.633,1524.272,1477.157,1372.164,1252.88
19,1155.636,1086.057,1041.182,1014.99,1018.23,1028.801,1026.416,1155.271,1292.701,1390.293,1443.093,1471.949,1439.418,1475.533,1541.67,1535.791,1489.422,1409.944,1336.284,1481.147,1536.8,1484.653,1379.3,1270.823
20,1175.479,1103.931,1055.036,1025.167,1012.214,1011.862,974.473,1048.549,1160.585,1241.257,1288.626,1316.199,1295.789,1281.428,1293.439,1281.102,1279.068,1250.559,1230.632,1394.823,1461.526,1410.726,1318.465,1217.718
21,1128.716,1055.115,1005.675,975.33,957.598,942.31,873.409,909.25,973.687,1027.269,1067.535,1101.76,1106.175,1115.014,1134.947,1152.24,1154.766,1149.891,1157.474,1324.286,1387.034,1355.541,1282.301,1182.179
22,1093.259,1022.552,979.714,947.391,933.469,936.477,889.372,936.323,1015.658,1095.21,1147.466,1190.63,1188.572,1194.199,1218.283,1237.533,1229.914,1212.32,1220.32,1388.839,1428.311,1388.253,1306,1179.764
23,1075.483,1013.682,976.473,947.092,938.871,964.566,983.823,1079.268,1203.2,1287.188,1330.194,1355.344,1313.014,1335.188,1392.668,1427.453,1405.312,1334.721,1293.276,1455.319,1488.311,1439.991,1331.467,1203.359
24,1105.197,1037.593,1003.555,993.627,989.921,1008.951,1015.205,1112.264,1249.354,1349.847,1404.026,1443.635,1408.206,1446.298,1493.153,1516.688,1484.672,1394.867,1326.283,1483.473,1515.01,1481.123,1374.483,1249.814
25,1160.329,1085.709,1045.9,1028.176,1022.696,1042.024,1044.675,1153.515,1288.008,1382.936,1422.642,1445.777,1400.87,1428.235,1493.142,1503.736,1469.524,1394.124,1339.085,1505.887,1546.745,1496.834,1384.354,1270.314
26,1171.995,1099.729,1051.616,1024.528,1017.061,1039.688,1042.483,1142.389,1275.331,1368.738,1403.386,1443.497,1407.184,1432.277,1482.793,1495.587,1463.006,1380.636,1328.911,1483.638,1519.713,1470.566,1369.429,1267.076
27,1175.587,1107.41,1056.736,1029.191,1019.748,1027.055,994.234,1055.072,1162.928,1259.922,1310.963,1342.827,1323.475,1321.372,1335.025,1325.069,1310.226,1279.57,1262.114,1433.798,1474.057,1400.679,1282.228,1168.828
28,1069.95,998.289,960.965,930.874,914.803,904.974,847.308,856.729,912.772,969.123,1003.857,1026.418,1031.958,1042.931,1059.064,1079.805,1085.015,1082.847,1081.848,1267.735,1330.678,1295.236,1206.317,1099.705
29,1016.41,946.589,912.775,891.914,886.51,908.467,939.427,1047.515,1167.131,1251.224,1280.8,1306.838,1281.85,1311.816,1362.83,1379.934,1361.045,1287.933,1240.539,1404.865,1448.904,1394.362,1280.946,1169.929
30,1074.32,995.929,955.796,949.904,945.211,961.852,972.468,1059.075,1185.412,1265.705,1300.939,1330.132,1299.241,1329.862,1384.46,1396.038,1351.381,1281.538,1252.735,1414.056,1449.376,1391.333,1268.069,1140.815
31,1048.285,965.528,933.021,932.906,929.363,960.625,1024.244,1106.464,1189.726,1281.56,1337.667,1384.468,1338.551,1348.917,1414.938,1414.445,1374.481,1297.985,1253.541,1415.449,1463.488,1406.15,1291.857,1155.328
32,1071.708,1013.355,975.685,950.281,952.556,980.677,1035.916,1111.715,1194.539,1268.627,1296.349,1325.325,1288.324,1307.214,1352.763,1357.78,1338.026,1267.269,1233.502,1419.497,1460.255,1407.53,1291.309,1171.466
33,1071.253,1006.826,971.407,950.345,942.998,966.706,1026.342,1071.451,1138.454,1210.267,1231.416,1260.384,1219.285,1222.61,1253.489,1255.751,1251.221,1202.071,1183.509,1356.138,1379.151,1321.272,1218.077,1106.847
34,1020.112,962.457,926.473,907.558,904.601,922.224,902.541,955.512,1058.683,1143.931,1188.878,1219.236,1201.915,1189.475,1191.756,1174.568,1150.837,1135.435,1181.787,1346.255,1362.095,1306.326,1211.083,1113.895
35,1019.077,952.405,909.858,883.963,872.935,869.454,810.892,822.929,880.057,935.411,985.054,1014.87,1027.113,1034.942,1052.548,1075.457,1102.055,1110.075,1144.093,1339.532,1394.303,1349.434,1250.054,1120.72
36,1019.617,953.084,910.468,884.18,874.812,904.212,989.15,1073.421,1144.839,1237.228,1288.415,1336.48,1317.6,1340.273,1391.05,1403.826,1374.12,1316.955,1267.73,1442.444,1479.688,1438.347,1323.853,1180.627
37,1065.159,994.276,958.131,939.084,934.17,962.422,1013.593,1107.403,1210.803,1290.992,1338.997,1374.545,1343.611,1383.965,1425.035,1426.536,1401.708,1341.669,1310.913,1490.779,1519.249,1464.03,1347.437,1221.94
38,1106.664,1033.554,993.039,970.276,965.428,992.504,1044.944,1135.992,1234.077,1316.404,1364.455,1409.319,1364.21,1396.134,1475.191,1500.065,1473.541,1407.141,1366.481,1524.521,1542.524,1487.769,1375.608,1254.849
39,1106.785,1050.347,1017.17,989.017,982.904,1008.469,1059.793,1136.164,1237.434,1320.223,1374.332,1407.521,1377.997,1421.243,1487.482,1494.267,1448.499,1367.281,1321.135,1506.787,1536.399,1478.389,1360.817,1243.51
40,1137.707,1062.628,1012.319,992.142,991.819,1021.84,1062.209,1132.119,1238.581,1320.853,1355.99,1354.537,1284.003,1296.539,1339.356,1361.031,1344.995,1294.225,1260.971,1429.266,1447.367,1394.907,1285.036,1179.472
41,1082.518,1028.536,975.232,968.724,957.126,978.324,951.207,1011.935,1135.929,1238.003,1284.003,1312.524,1289.881,1287.863,1310.664,1314.679,1291.158,1254.63,1243.865,1432.286,1466.552,1417.661,1319.301,1211.437
42,1112.052,1033.279,982.384,946.597,926.243,915.569,860.198,877.279,951.105,1019.922,1069.763,1111.977,1124.041,1128.827,1147.435,1176.667,1188.844,1186.146,1196.101,1395.454,1425.689,1402.4,1309.838,1190.574
43,1081.523,1009.317,967.876,938.184,937.428,972.933,1059.577,1140.996,1236.136,1326.229,1372.771,1421.935,1379.773,1431.099,1479.385,1483.392,1444.798,1371.049,1331.938,1498.382,1529.222,1485.014,1380.006,1253.011
44,1143.802,1071.151,1024.329,999.502,996.04,1024.464,1076.211,1153.194,1267.544,1352.608,1389.34,1416.9,1387.48,1426.786,1477.367,1501.379,1468.759,1383.955,1326.43,1499.958,1523.345,1467.606,1361.837,1246.1
45,1141.347,1067.644,1022.971,1002.507,998.967,1028.9,1103.37,1178.995,1276.105,1363.517,1391.841,1412.297,1354.304,1363.196,1384.307,1381.636,1348.785,1277.644,1266.557,1454.863,1481.148,1429.036,1317.696,1193.272
46,1095.807,1028.587,983.13,959.606,957.146,1017.721,1079.615,1140.576,1239.72,1319.175,1358.181,1386.103,1352.808,1379.48,1412.836,1436.056,1396.524,1329.1,1289.039,1467.304,1503.721,1448.749,1329.6,1202.524
47,1083.014,1014.507,975.868,953.115,946.162,980.828,1046.602,1082.396,1135.878,1173.443,1201.621,1214.851,1167.708,1155.923,1169.8,1173.835,1156.107,1110.042,1124.939,1291.927,1292.416,1233.971,1133.054,1022.886
48,939.435,888.229,853.491,834.221,828.741,858.597,852.417,885.285,967.216,1033.519,1060.563,1062.969,1036.274,1016.604,1020.829,1009.616,994.75,984.279,1022.28,1207.683,1214.737,1167.531,1077.012,977.931
49,898.755,841.779,809.182,786.57,772.055,776.145,731.108,747.351,808.56,858.551,887.201,900.886,906.063,899.569,900.327,903.422,902.777,904.541,936.703,1128.678,1163.891,1118.912,1031.285,938.758
50,864.177,802.112,769.146,750.119,745.815,755.199,704.884,732.435,804.379,869.439,915.708,945.135,948.601,951.743,961.564,966.385,964.759,963.925,995.767,1192.179,1229.226,1187.463,1100.792,997.702
51,907.219,846.584,805.594,785.024,779.058,781.21,722.54,741.299,809.02,876.72,924.672,956.299,964.862,963.921,963.916,982.806,998.875,1010.737,1056.282,1259.628,1296.959,1252.015,1158.416,1058.138
52,964.14,906.32,870.027,843.147,834.818,853.645,897.563,986.387,1112.436,1206.958,1269.993,1323.691,1314.99,1348.659,1396.104,1411.396,1385.211,1317.716,1294.075,1467.773,1487.335,1438.924,1330.582,1202.764
53,1099.559,1022.107,987.758,964.505,955.988,982.2,1024.201,1086.208,1184.976,1259.061,1295.461,1318.432,1279.135,1319.614,1378.054,1398.785,1380.128,1321.392,1288.435,1477.016,1495.573,1438.094,1314.628,1178.751
54,1086.616,1019.419,985.282,963.25,957.73,992.536,1068.981,1132.068,1213.453,1280.022,1302.131,1316.764,1280.892,1309.952,1358.725,1371.191,1336.135,1291.124,1281.034,1465.476,1471.938,1410.747,1293.041,1187.669
55,1096.365,1027.854,979.692,956.323,953.447,974.843,969.875,1023.928,1146.803,1236.935,1282.229,1306.292,1283.187,1277.691,1295.755,1297.352,1258.152,1223.729,1242.485,1430.344,1445.695,1398.285,1309.624,1196.268
56,1095.839,1019.639,974.493,936.218,921.223,921.402,871.603,873.421,933.065,989.789,1040.84,1077.44,1085.524,1090.005,1100.954,1111.435,1116.247,1114.421,1176.19,1357.477,1368.778,1315.081,1205.305,1085.866
57,994.327,927.257,891.371,873.762,867.758,903.461,1007.233,1086.361,1159.084,1239.511,1272.525,1318.761,1304.15,1312.32,1342.175,1360.42,1334.5,1273.029,1256.556,1450.07,1462.631,1408.21,1297.556,1174.804
58,1081.67,1009.211,969.43,953.668,955.376,983.901,1033.726,1119.946,1222.391,1311.399,1369.647,1416.249,1383.98,1432.827,1489.481,1503.798,1469.719,1400.996,1363.527,1547.46,1561.846,1512.892,1400.378,1273.894
59,1163.636,1082.921,1033.587,1007.454,1006.026,1036.538,1108.271,1176.427,1274.795,1349.326,1408.978,1448.753,1420.641,1457.512,1523.918,1533.298,1493.494,1418.074,1395.832,1554.453,1554.101,1494.699,1379.63,1258.462
60,1154.86,1083.876,1037.468,1010.363,1006.07,1036.117,1108.779,1173.829,1269.579,1352.538,1386.574,1422.158,1365.341,1374.275,1419.534,1391.181,1351.862,1285.937,1279.3,1443.876,1455.27,1393.689,1277.837,1163.528
61,1067.567,1000.183,962.288,957.592,951.097,992.638,1082.834,1145.206,1205.526,1265.509,1276.462,1303.743,1261.263,1282.141,1335.708,1343.28,1322.989,1265.719,1250.906,1428.301,1425.29,1365.908,1258.366,1135.836
62,1044.626,977.563,945.085,930.471,927.582,947.769,952.622,1013.177,1121.192,1212.746,1261.577,1288.114,1271.126,1264.101,1282.298,1276.745,1260.882,1231.875,1250.416,1435.169,1435.269,1377.42,1274.708,1166.664
63,1069.613,1000.484,956.481,923.038,902.992,902.035,847.406,872.624,955.869,1026.401,1074.919,1112.011,1129.846,1142.421,1170.335,1195.728,1202.368,1192.396,1229.219,1440.96,1462.198,1416.621,1318.983,1190.379
64,1086.636,1013.579,969.8,945.049,943.368,976.923,1080.296,1155.515,1237.574,1322.314,1392.785,1451.461,1424.696,1458.519,1501.456,1517.684,1483.616,1411.053,1381.608,1553.048,1559.897,1500.391,1391.674,1268.758
65,1160.907,1083.231,1036.955,1015.266,1005.84,1037.093,1108.888,1184.518,1292.217,1369.015,1410.016,1443.218,1407.816,1448.873,1499.5,1498.514,1465.399,1419.729,1427.09,1565.157,1560.197,1501.99,1388.491,1264.573
66,1151.414,1085.495,1028.799,984.753,953.522,992.144,1104.574,1166.425,1244.563,1314.946,1339.48,1359.741,1314.21,1334.3,1394.125,1407.918,1394.039,1331.654,1344.165,1505.559,1495.048,1430.601,1316.475,1200.068
67,1097.101,1029.149,993.032,971.688,955.915,993.784,1070.175,1138.981,1240.108,1329.827,1373.925,1411.074,1376.007,1412.487,1453.727,1453.001,1422.116,1356.618,1357.48,1537.852,1531.295,1465.985,1351.809,1220.522
68,1122.494,1048.834,1003.718,978.24,979.585,1012.617,1104.24,1148.245,1192.895,1286.496,1352.854,1416.722,1395.019,1432.144,1498.388,1504.611,1477.37,1404.069,1381.796,1548.922,1537.632,1469.882,1362.528,1239.81
69,1126.429,1059.466,1010.988,981.78,965.843,985.119,988.503,1046.136,1177.036,1286.955,1336.145,1365.229,1345.21,1344.327,1370.596,1369.689,1343.034,1305.102,1323.102,1499.729,1489.095,1425.235,1325.465,1213.587
70,1117.832,1044.76,1001.456,965.183,947.54,943.139,882.19,899.463,972.845,1030.027,1076.003,1108.406,1127.532,1148.272,1178.065,1206.161,1212.236,1198.533,1236.531,1445.98,1458.33,1413.297,1314.047,1186.754
71,1089.169,1020.346,976.747,948.687,944.869,987.224,1079.518,1162.48,1261.439,1349.683,1403.962,1456.199,1433.281,1473.872,1518.645,1523.425,1495.847,1421.708,1438.411,1571.879,1560.598,1499.142,1389.07,1266.011
72,1141.818,1062.771,1031.471,1011.925,1000.351,1037.247,1100.138,1160.73,1266.935,1339.481,1381.714,1422.753,1380.179,1412.876,1481.016,1494.376,1458.619,1380.334,1372.183,1528.213,1525.858,1463.342,1346.618,1221.261
73,1123.022,1066.542,1031.614,1008.801,1004.057,1053.855,1131.334,1184.829,1285.255,1353.042,1407.486,1420.394,1360.675,1371.645,1416.659,1434.441,1417.774,1349.725,1347.076,1515.642,1513.83,1455.575,1338.119,1214.662
74,1107.849,1049.323,1010.525,987.781,984.595,1034.211,1114.518,1182.932,1271.006,1252.817,1388.264,1428.529,1396.449,1433.036,1480.33,1473.196,1438.164,1383.254,1387.208,1546.755,1518.868,1452.991,1331.644,1205.89
75,1094.853,1028.569,987.982,969.008,963.88,1021.076,1100.839,1171.817,1277.36,1357.588,1400.882,1433.661,1407.058,1439.291,1499.247,1515.246,1481.895,1402.245,1396.644,1548.144,1525.05,1463.284,1358.275,1240.794
76,1143.306,1074.299,1022.232,988.473,976.932,1007.209,1001.17,1056.005,1159.897,1220.534,1260.879,1289.626,1236.994,1222.289,1227.687,1230.834,1220.875,1202.423,1260.581,1418.389,1403.403,1340.123,1245.982,1143.43
77,1047.743,985.844,951.024,924.599,909.953,913.059,869.65,880.508,951.509,1002.605,1042.697,1076.284,1070.451,1063.816,1079.056,1100.648,1115.152,1119.23,1194.061,1383.508,1389.361,1328.839,1237.115,1132.229
78,1037.589,971.637,940.657,914.569,912.993,967.984,1042.958,1133.373,1217.448,1296.351,1321.532,1374.546,1356.286,1364.243,1412.784,1422.831,1403.527,1354.452,1381.404,1509.312,1495.387,1437.36,1316.89,1188.193
79,1076.307,1014.286,975.681,961.869,962.41,1003.881,1075.419,1149.652,1252.362,1332.904,1378.65,1399.449,1340.911,1348.989,1398.19,1423.869,1395.487,1351.517,1360.18,1510.383,1497.637,1431.271,1306.737,1181.072
80,1076.871,1010.081,978.087,965.02,963.765,1016.914,1110.829,1165.329,1254.044,1324.02,1355.462,1381.006,1332.131,1347.792,1379.65,1397.192,1369.827,1317.064,1346.38,1477.721,1457.191,1399.135,1278.926,1156.907
81,1060.262,1007.245,975.397,955.909,952.965,1005.071,1105.431,1153.164,1210.982,1268.122,1295.399,1303.01,1261.344,1259.601,1297.422,1307.055,1297.586,1272.216,1315.12,1446.129,1427.42,1355.03,1235.843,1121.828
82,1036.901,980.205,942.466,926.847,903.363,964.871,1044.348,1104.082,1182.457,1266.673,1322.481,1356.312,1306.409,1330.867,1385.538,1398.14,1370.391,1309.118,1345.734,1478.851,1450.321,1380.676,1267.07,1140.364
83,1040.334,976.952,937.191,917.003,910.583,943.202,951.109,993.146,1115.115,1211.883,1260.237,1287.752,1257.693,1252.717,1263.433,1263.161,1243.289,1220.232,1314.546,1438.221,1413.696,1353.462,1259.719,1151.222
84,1055.974,985.122,938.448,905.579,890.556,891.058,853.742,850.476,915.953,967.632,1010.674,1045.926,1054.551,1026.357,1006.557,1003.33,1009.901,1022.124,1137.609,1299.786,1292.807,1232.384,1122.422,1001.737
85,918.335,864.111,842.451,834.583,834.889,896.405,1014.52,1084.901,1153.868,1227.313,1276.527,1325.09,1303.247,1317.322,1362.4,1381.265,1361.98,1312.61,1343.706,1469.399,1447.516,1379.06,1258.328,1135.06
86,1032.387,975.06,940.631,924.071,923.964,973.086,1039.992,1105.584,1212.898,1295.423,1341.316,1370.488,1330.204,1366.333,1433.092,1448.673,1415.622,1368.663,1422.16,1546.607,1525.028,1452.949,1328.243,1206.757
87,1107.31,1045.916,1001.818,985.496,986.439,1041.072,1123.588,1184.66,1270.848,1345.649,1395.708,1436.638,1416.69,1447.5,1507.582,1534.36,1508.299,1445.287,1478.932,1594.866,1565.963,1509.135,1390.296,1266.972
88,1158.813,1079.86,1044.247,1020.698,1016.489,1058.806,1120.755,1193.756,1313.261,1402.388,1451.327,1480.16,1446.237,1484.722,1554.201,1564.287,1524.93,1447.581,1481.585,1598.786,1576.572,1517.975,1401.446,1267.592
89,1161.796,1087.702,1039.852,1015.836,1010.991,1053.847,1109.483,1174.954,1299.24,1392.04,1446.603,1482.087,1454.858,1490.057,1549.469,1550.022,1507.158,1437.089,1487.374,1598.33,1565.733,1506.231,1404.232,1281.426
90,1179.943,1107.947,1062.321,1027.643,1008.768,1034.912,1044.154,1055.683,1129.904,1195.038,1230.733,1245.463,1225.175,1226.427,1240.159,1246.251,1225.835,1201.453,1298.454,1442.474,1422.663,1359.255,1258.109,1148.486
91,1052.52,986.856,943.907,921.481,908.746,911.886,861.755,862.274,938.216,1005.056,1052.34,1085.276,1099.386,1106.05,1138.965,1175.234,1189.024,1189.274,1314.979,1459.774,1449.555,1400.044,1292.541,1162.712
92,1059.09,990.598,957.575,935.027,933.923,963.706,1052.554,1128.555,1234.454,1324.567,1372.968,1418.374,1397.825,1410.377,1461.166,1479.866,1465.999,1408.809,1469.009,1549.975,1527.36,1466.135,1349.687,1228.062
93,1115.144,1047.563,1000.924,976.161,972.128,1005.866,1080.067,1123.311,1221.863,1294.989,1336.96,1367.552,1312.408,1337.329,1383.805,1400.707,1391.039,1340.392,1406.725,1506.093,1480.645,1413.215,1297.945,1186.811
94,1081.622,1015.274,985.124,972.637,960.042,1010.595,1097.49,1139.301,1200.435,1267.509,1294.706,1319.825,1274.488,1286.458,1324.194,1330.814,1306.264,1255.31,1332.801,1440.214,1415.836,1356.889,1253.268,1135.207
95,1041.988,989.154,957.754,947.232,950.687,1002.869,1076.11,1128.995,1205.103,1269.299,1303.966,1327.404,1295.257,1317.283,1349.133,1353.133,1300.937,1245.246,1327.985,1432.894,1395.684,1333.269,1235.444,1115.183
96,1018.896,956.853,922.742,902.88,900.395,928.627,889.501,876.37,941.17,994.67,1030.571,1047.022,1044.697,1039.425,1041.678,1044.61,1029.937,1030.623,1162.446,1296.453,1281.452,1226.978,1129.12,1023.694
97,946.796,897.981,864.711,847.854,844.339,868.081,871.579,903.095,1014.236,1100.878,1140.737,1162.513,1147.701,1134.091,1147.995,1158.01,1155.341,1138.777,1262.051,1381.31,1354.768,1286.04,1190.038,1092.252
98,1004.379,942.905,906.296,880.195,871.985,881.015,832.528,840.553,913.156,970.177,1012.306,1037.27,1039.456,1044.035,1067.906,1099.151,1107.73,1111.15,1252.571,1384.682,1370.936,1308.447,1201.713,1086.229
99,990.594,927.147,898.934,877.297,896.134,939.577,1040.904,1125.934,1214.006,1305.753,1359.642,1408.062,1375.335,1396.652,1451.945,1474.023,1454.658,1386.061,1430.938,1540.589,1522.385,1460.813,1344.606,1224.156
100,1131.492,1068.953,1029.86,1006.356,1014.543,1054.321,1110.714,1174.27,1274.763,1357.472,1404.415,1437.304,1398.723,1436.41,1491.871,1515.457,1487.631,1412.43,1470.915,1578.618,1556.632,1491.315,1380.61,1243.296
101,1139.338,1068.139,1041.811,1018.795,1028.412,1067.265,1148.907,1219.395,1306.132,1383.22,1417.978,1435.836,1416.688,1449.891,1496.035,1489.798,1463.16,1395.41,1471.792,1567.854,1540.836,1475.694,1365.413,1254.636
102,1157.894,1087.852,1046.557,1023.581,1036.035,1069.701,1141.19,1208.617,1293.383,1348.523,1371.205,1397.668,1348.633,1380.447,1434.182,1444.997,1431.125,1366.728,1460.754,1550.319,1527.005,1467.502,1342.554,1181.19
103,1045.519,982.397,942.1,921.518,928.78,965.051,1060.955,1107.35,1166.222,1222.863,1247.908,1256.669,1214.482,1214.433,1248.188,1265.222,1253.502,1221.004,1329.266,1426.272,1395.139,1324.015,1214.112,1100.628
104,1012.354,954.158,926.656,908.931,914.477,954.337,971.559,1002.479,1094.468,1161.548,1181.213,1194.239,1159.728,1139.046,1140.766,1136.076,1129.071,1123.741,1264.347,1352.336,1328.503,1264.37,1168.296,1061.959
105,981.62,924.824,887.487,864.169,853.863,866.184,840.597,823.268,885.261,942.283,972.955,990.212,993.933,996.675,1012.702,1036.547,1054.823,1069.992,1238.635,1358.764,1342.741,1278.068,1172.561,1052.165
106,958.421,897.251,862.953,851.511,870.422,919.854,1028.394,1099.008,1152.361,1219.337,1257.523,1276.087,1231.773,1226.104,1268.873,1290.494,1275.184,1234.346,1347.54,1436.493,1412.273,1341.358,1222.764,1096.619
107,1013.197,972.814,947.499,932.481,951.206,987.994,1070.093,1111.292,1185.086,1239.468,1267.613,1282.232,1231.866,1241.984,1281.554,1293.849,1270.012,1247.233,1347.261,1438.721,1416.414,1347.198,1222.454,1104.994
108,1022.768,971.692,940.767,920.812,937.679,987.841,1084.429,1148.133,1185.233,1218.254,1243.367,1283.089,1236.614,1242.398,1283.963,1299.518,1281.73,1247.05,1357.153,1443.722,1417.583,1351.609,1235.905,1117.629
109,1027.345,950.063,924.931,914.782,932.902,990.104,1073.239,1115.805,1172.185,1242.294,1267.164,1297.644,1249.165,1266.968,1316.927,1336.544,1321.308,1282.647,1378.148,1457.073,1424.751,1355.615,1237.661,1109.319
110,1017.343,958.779,928.318,912.912,930.857,973.369,1044.836,1101.026,1166.567,1237.297,1270.827,1303.393,1263.868,1270.942,1327.326,1354.545,1330.721,1281.709,1390.013,1469.374,1435.757,1361.194,1257.833,1132.476
111,1043.019,978.504,943.101,928.124,941.222,971.686,970.707,1011.485,1110.595,1175.878,1217.214,1236.854,1214.882,1208.013,1217.995,1216.367,1209.459,1193.434,1334.217,1423.546,1390.548,1321.976,1221.442,1112.671
112,1024.913,956.886,920.737,892.47,880.263,885.482,853.456,841.156,905.297,956.087,988.271,1016.692,1022.911,1033.902,1050.912,1072.785,1084.39,1097.463,1267.718,1367.41,1352.475,1290.329,1184.923,1063.466
113,969.389,906.444,870.094,856.671,878.317,928.485,1033.332,1102.066,1172.634,1252.251,1292.121,1338.011,1306.624,1318.889,1366.364,1388.761,1361.682,1326.033,1431.603,1505.941,1477.617,1409.502,1286.18,1166.882
114,1069.055,1003.079,969.312,952.085,955.503,983.987,1059.558,1105.698,1173.977,1238.184,1264.137,1277.942,1233.23,1258.957,1307.414,1330.018,1314.721,1285.386,1402.951,1476.018,1443.267,1370.015,1247.308,1131.683
115,1042.725,985.544,953.165,939.833,944.445,983.035,1068.529,1115.373,1176.546,1233.037,1263.435,1302.216,1270.737,1299.686,1351.099,1382.003,1368.956,1321.442,1424.777,1496.194,1465.078,1398.483,1278.348,1160.602
116,1063.494,1003.962,969.411,950.182,953.211,988.073,1058.123,1117.49,1187.176,1252.818,1284.778,1303.967,1265.839,1280.922,1321.15,1333.703,1324.678,1278.551,1402.115,1476.138,1450.579,1382.899,1261.575,1137.442
117,1041.182,983.944,949.769,929.498,935.075,973.804,1058.792,1113.802,1185.529,1249.643,1292.458,1335.239,1294.688,1314.24,1379.256,1400.529,1368.374,1324.547,1439.693,1503.281,1466.896,1398.725,1296.254,1177.997
118,1084.818,1022.177,986.833,962.844,971.142,996.438,1003.309,1039.756,1131.05,1209.069,1252.514,1279.95,1250.21,1249.768,1253.497,1269.376,1252.979,1229.444,1385.756,1453.484,1417.071,1356.872,1266.072,1158.263
119,1071.419,1009.227,962.567,928.785,913.022,912.744,875.306,869.017,934.357,987.418,1024.304,1049.361,1053.032,1052.798,1069.718,1088.162,1090.302,1094.909,1267.592,1351.762,1332.283,1276.842,1184.152,1083.77
120,993.078,931.823,888.851,859.952,846.991,855.157,827.758,813.723,881.848,942.74,987.415,1020.71,1020.936,1004.513,988.655,997.616,1010.935,1031.996,1216.511,1307.93,1288.159,1224.64,1120.753,1015.087
121,926.045,860.087,828.129,812.035,821.328,864.584,956.615,1022.911,1070.915,1136.507,1170.546,1191.002,1155.961,1153.297,1174.778,1196.077,1189.496,1171.114,1304.118,1358.435,1333.636,1264.184,1148.751,1049.871
122,961.288,907.766,883.093,874.015,897.812,936.248,1015.49,1072.712,1132.99,1174.156,1190.004,1209.427,1163.317,1170.2,1199.316,1221.004,1197.255,1192.694,1325.119,1380.066,1356.02,1286.254,1171.243,1065.233
123,977.131,923.576,901.23,892.314,908.948,948.131,1035.943,1090.518,1140.268,1183.991,1204.342,1210.868,1162.716,1168.129,1210.005,1216.304,1210.926,1204.165,1332.435,1378.563,1352.231,1284.82,1169.414,1049.408
124,958.285,912.997,881.524,874.806,888.483,931.805,1018.128,1080.433,1144.065,1197.785,1228.241,1231.799,1178.785,1179.745,1211.317,1220.118,1203.57,1223.252,1359.395,1368.299,1331.714,1262.996,1160.446,1047.958
125,962.827,911.768,878.816,864.483,875.15,897.682,927.349,952.902,1053.782,1112.869,1139.888,1146.192,1107.141,1093.472,1088.921,1084.503,1085.267,1102.406,1268.897,1307.06,1276.388,1208.087,1118.96,1020.8
126,942.962,888.936,853.847,829.326,821.567,824.927,810.371,796.075,858.252,903.533,936.917,960.463,964.317,958.562,963.377,981.617,1001.334,1052.553,1239.37,1295.722,1276.048,1213.047,1104.8,985.993
127,897.001,839.686,812.202,797.238,798.464,837.775,956.678,1041.708,1084.372,1141.543,1174.797,1197.043,1161.74,1153.086,1175.756,1191.097,1193.52,1216.596,1353.942,1384.272,1356.716,1291.167,1176.053,1060.494
128,982.736,913.872,896.104,885.46,889.824,928.397,1008.999,1063.315,1127.935,1182.109,1203.833,1216.476,1168.957,1190.396,1228.395,1240.406,1232.783,1240.888,1373.566,1412.57,1380.029,1309.642,1188.814,1073.571
129,985.144,931.086,903.683,891.038,908.373,948.335,1035.202,1099.595,1155.319,1212.598,1239.304,1255.656,1219.117,1221.901,1251.153,1276.326,1255.074,1232.954,1378.633,1410.992,1384.31,1318.914,1201.75,1082.8
130,1000.111,941.273,915.186,901.71,917.149,963.695,1046.426,1115.885,1168.144,1226.657,1260.934,1281.621,1242.004,1253.243,1303.135,1331.487,1309.09,1270.301,1419.062,1452.021,1421.315,1352.978,1232.84,1103.615
131,1008.637,946.571,918.178,902.479,919.64,960.686,1045.669,1112.6,1178.606,1212.018,1246.8,1278.8,1238.128,1245.591,1294.478,1304.269,1281.914,1268.119,1417.877,1437.459,1393.116,1325.552,1213.049,1080.287
132,1001.822,948.461,914.024,897.972,908.648,936.715,958.862,989.65,1086.927,1160.702,1181.908,1191.565,1159.456,1148.8,1159.822,1163.9,1151.63,1138.794,1314.75,1356.839,1320.33,1252.826,1153.388,1048.164
133,966.752,910.318,875.574,844.073,835.835,841.261,811.61,803.289,868.628,918.688,942.446,976.744,989.191,997.547,1019.255,1047.89,1062.786,1080.734,1275.686,1336.062,1313.838,1249.243,1138.262,1018.758
134,922.405,858.672,833.768,819.776,823.556,868.086,961.118,1066.257,1114.497,1188.618,1242.897,1284.197,1254.925,1262.613,1306.322,1325.053,1315.216,1293.433,1419.541,1460.78,1427.93,1356.451,1230.347,1111.171
135,1019.208,961.176,932.583,917.203,920.19,953.432,1012.529,1096.36,1168.521,1246.565,1289.721,1320.727,1280.02,1295.056,1351.734,1372.105,1355.673,1313.032,1437.522,1477.075,1445.159,1369.95,1245.381,1128.736
136,1027.75,969.402,936.038,924.855,922.891,962.758,1043.018,1130.458,1190.223,1257.606,1302.202,1335.114,1287.391,1293.983,1348.764,1368.368,1349.667,1309.755,1434.987,1476.177,1443.28,1373.255,1250.767,1133.684
137,1040.387,984.478,950.705,939.778,952.358,995.704,1074.283,1144.631,1204.448,1258.918,1290.073,1309.631,1258.236,1275.828,1328.608,1342.001,1313.644,1288.185,1427.509,1465.643,1430.38,1367.601,1252.67,1118.53
138,1016.44,950.884,915.964,900.127,916.945,950.661,1036.139,1119.351,1178.334,1234.14,1262.786,1285.626,1233.579,1240.798,1282.844,1305.679,1276.035,1262.408,1413.041,1443.672,1405.339,1331.035,1224.133,1111.562
139,1029.239,964.167,929.914,907.839,915.475,949.603,962.595,985.48,1078.555,1137.633,1171.43,1193.137,1153.152,1124.71,1124.108,1116.874,1106.32,1135.736,1308.78,1339.155,1296.347,1242.603,1152.694,1048.964
140,968.29,908.381,870.685,845.356,836.504,839.582,830.035,808.72,872.844,923.444,955.684,984.262,994.828,993.02,1010.738,1041.661,1056.579,1088.698,1288.022,1344.102,1323.521,1264.476,1159.702,1034.671
141,943.719,879.631,842.601,828.689,845.333,889.206,984.28,1090.542,1140.35,1210.175,1263.968,1314.339,1287.156,1296.845,1327.562,1342.733,1317.862,1290.449,1442.766,1473.112,1438.383,1375.89,1258.413,1129.649
142,1027.209,971.994,938.625,921.546,939.66,978.207,1058.996,1125.518,1190.366,1264.675,1303.486,1339.839,1293.357,1316.32,1359.485,1381.599,1358.815,1317.391,1454.964,1479.658,1451.098,1387.708,1269.359,1151.708
143,1056.634,993.545,964.089,953.537,970.401,1006.612,1092.902,1178.441,1241.005,1307.522,1352.544,1390.439,1345.221,1357.15,1403.44,1421.894,1392.086,1346.744,1476.354,1499.363,1472.955,1411.409,1294.072,1171.072
144,1079.77,1015.354,976.689,962.12,972.919,1011.357,1091.23,1167.527,1240.188,1299.038,1342.839,1373.882,1321.034,1339.042,1395.248,1425.683,1399.899,1349.42,1486.417,1515.591,1479.341,1414.702,1307.631,1198.623
145,1098.755,1024.718,975.592,967.22,983.732,1025.2,1106.819,1189.168,1269.738,1325.613,1353.732,1377.71,1331.642,1375.476,1411.448,1425.271,1390.822,1337.55,1476.182,1489.949,1448.227,1381.887,1287.492,1180.597
146,1088.024,1017.734,979.204,960.311,970.074,989.506,1011.41,1028.285,1127.953,1205.343,1231.007,1265.377,1233.018,1198.166,1178.222,1175.612,1164.795,1186.515,1327.958,1369.445,1330.967,1269.341,1183.519,1080.788
147,997.775,938.423,901.299,875.152,859.852,858.76,857.436,811.841,858.977,900.922,926.016,940.313,933.119,922.488,925.502,937.61,952.474,1007.107,1212.431,1256.101,1231.742,1171.579,1070.182,967.888
148,898.13,850.194,822.017,809.52,830.241,870.564,974.005,1068.622,1112.524,1160.212,1193.546,1223.53,1186.162,1180.058,1198.946,1207.764,1198.043,1198.45,1338.118,1368.147,1338.916,1267.409,1153.689,1041.978
149,959.153,917.739,892.206,882.472,906.971,940.679,1018.757,1082.764,1132.491,1177.84,1211.483,1234.358,1180.368,1192.735,1231.613,1241.373,1223.578,1225.539,1363.546,1399.713,1369.47,1303.514,1184.236,1064.443
150,982.515,935.001,905.058,895.17,907.842,954.702,1035.823,1100.1,1162.147,1215.293,1241.17,1253.722,1204.74,1209.932,1236.982,1251.872,1241.678,1236.55,1377.977,1418.271,1392.249,1322.397,1206.089,1074.539
151,979.06,924.801,892.208,880.16,898.088,933.241,1018.426,1100.345,1151.482,1203.891,1240.792,1260.73,1206.82,1217.683,1260.41,1276.037,1257.297,1238.259,1393.568,1424.804,1393.613,1329.416,1216.583,1086.596
152,991.653,931.784,902.538,888.582,901.989,932.469,1016.982,1083.78,1139.764,1190.318,1228.493,1242.897,1204.46,1219.587,1271.273,1288.729,1264.302,1241.024,1393.037,1426.332,1382.563,1315.259,1218.074,1102.222
153,1012.319,956.971,915.982,897.931,909.761,931.702,949.61,969.723,1068.461,1147.266,1187.413,1207.905,1181.122,1164.268,1169.855,1179.295,1158.655,1160.638,1336.262,1377.871,1339.318,1272.793,1182.037,1076.595
154,985.936,924.943,887.065,859.033,845.408,846.603,823.899,799.933,860.841,914.335,954.747,983.799,996.762,1006.264,1027.969,1050.14,1065.78,1102.436,1303.182,1354.512,1335.078,1273.068,1172.784,1048.95
155,959.507,899.577,862.59,849.698,867.898,900.382,999.358,1098.544,1153.629,1217.671,1256.059,1290.473,1265.811,1263.27,1304.565,1323.237,1292.843,1264.483,1417.156,1449.722,1416.963,1342.004,1228.986,1102.599
156,1004.571,944.499,913.439,900.241,915.888,944.461,1005.699,1064.165,1175.075,1256.898,1302.689,1332.63,1290.526,1313.318,1360.648,1371.435,1340.866,1311.968,1463.313,1490.056,1451.978,1376.549,1257.971,1132.284
157,1021.533,953.317,916.329,900.518,917.923,952.994,1040.84,1121.496,1197.225,1267.227,1305.241,1328.977,1289.445,1299.326,1341.398,1364.52,1329.123,1297.147,1452.107,1477.301,1437.515,1358.71,1251.433,1133.531
158,1031.357,959.818,920.435,897.093,905.404,919.615,921.941,907.506,986.009,1051.753,1095.571,1122.902,1119.022,1120.37,1135.672,1147.146,1131.892,1144.686,1343.72,1403.869,1381.833,1320.964,1207.965,1088.537
159,993.397,934.828,894.505,878.286,892.536,929.346,1013.134,1090.613,1187.45,1273.158,1313.932,1348.477,1308.156,1319.324,1363.773,1379.102,1347.655,1311.922,1460.192,1489.452,1450.697,1382.693,1274.299,1156.342
160,1062.413,999.789,955.883,931.749,939.267,956.186,981.553,997.447,1107.262,1195.112,1231.851,1245.626,1216.28,1209.263,1215.977,1225.237,1211.392,1199.122,1378.187,1414.124,1372.9,1304.235,1206.366,1095.46
161,1005.943,939.617,899.128,873.896,863.535,867.858,867.138,829.826,871.655,915.931,944.669,955.695,949.09,943.786,949.922,970.501,992.27,1040.531,1228.148,1280.789,1259.128,1191.311,1083.064,972.05
162,889.318,832.269,802.41,789.449,804.435,851.144,955.768,1053.284,1096.744,1153.916,1186.94,1214.045,1175.728,1171.351,1198.068,1210.024,1195.624,1192.325,1339.813,1381.237,1350.956,1280.541,1165.651,1054.191
163,960.324,919.565,887.962,874.887,895.932,928.606,1017.724,1091.097,1156.369,1214.868,1243.251,1255.91,1198.122,1206.91,1233.356,1241.113,1219.549,1216.326,1369.834,1410.293,1387.926,1321.689,1199.502,1082.587
164,994.483,942.702,909.432,881.819,899.437,938.652,1028.49,1092.64,1162.439,1220.811,1245.984,1252.027,1193.762,1190.119,1232.539,1241.566,1231.805,1220.966,1371.01,1414.398,1387.475,1321.831,1209.037,1087.509
165,990.804,932.101,901.128,891.026,907.954,940.087,1017.089,1085.383,1156.331,1202.65,1223.825,1237.685,1182.963,1185.045,1221.937,1237.303,1216.374,1201.509,1360.144,1407.405,1383.284,1320.123,1203.912,1082.009
166,994.621,939.656,903.571,892.025,901.965,942.115,1009.68,1078.269,1143.278,1180.54,1205.386,1219.159,1168.305,1170.714,1199.069,1220.305,1193.476,1176.883,1338.959,1381.253,1350.938,1283.84,1178.258,1063.966
167,972.126,912.689,877.223,861.888,881.587,902.114,931.209,939.339,1030.298,1093.629,1114.676,1120.128,1082.182,1064.57,1068.556,1074.382,1062.54,1079.973,1269.151,1315.609,1284.579,1225.457,1123.89,1017.302
168,931.473,876.549,839.456,816.575,810.422,815.546,802.471,776.785,840.266,884.408,913.177,929.325,925.403,920.221,933.668,958.293,976.648,1011.585,1225.455,1288.184,1269.501,1206.709,1101.038,981.534
169,890.502,833.948,804.534,787.249,792.415,827.938,915.698,1023.534,1092.115,1143.159,1180.59,1221.237,1185.669,1178.697,1208.635,1226.257,1218.618,1204.39,1366.368,1413.414,1388.113,1322.632,1200.697,1078.824
170,985.486,932.282,900.949,885.812,882.44,915.607,987.806,1064.209,1141.25,1194.97,1207.354,1218.951,1173.491,1186.055,1228.065,1242.449,1235.821,1223.136,1372.181,1411.684,1379.048,1312.418,1197.901,1087.356
171,999.697,936.452,910.735,883.319,880.305,903.583,907.306,892.261,979.749,1053.676,1099.771,1127.732,1116.109,1114.649,1133.332,1136.908,1138.937,1144.74,1335.155,1397.901,1375.705,1313.509,1190.885,1078.245
172,990.078,929.688,897.675,886.115,906.471,937.696,1023.943,1101.484,1179.343,1250.219,1292.995,1323.929,1286.045,1293.795,1340.119,1361.706,1331.336,1302.482,1442.907,1485.168,1453.861,1388.896,1268.85,1147.299
173,1054.348,986.47,949.055,930.42,947.545,979.645,1051.26,1117.708,1196.923,1275.447,1308.351,1344.246,1296.711,1310.262,1345.557,1355.736,1316.191,1280.007,1422.739,1449.624,1400.419,1334.469,1240.879,1137.629
174,1045.899,979.263,935.108,904.72,913.606,937.214,956.866,956.68,1060.177,1146.291,1186.344,1213.354,1193.148,1188.633,1197.516,1202.795,1178.527,1174.666,1352.551,1399.556,1362.923,1294.92,1194.228,1084.606
175,1002.732,941.059,900.725,873.653,858.229,860.175,854.173,817.993,880.743,950.206,993.03,1022.435,1033.41,1043.987,1063.619,1090.769,1103.67,1130.075,1323.376,1381.719,1362.75,1304.331,1191.261,1074.075
176,983.033,919.693,870.788,852.547,881.45,912.078,1004.395,1109.123,1189.553,1277.695,1323.57,1365.339,1335.786,1346.8,1386.378,1410.439,1372.444,1322.772,1466.23,1506.123,1475.752,1405.932,1287.199,1149.591
177,1055.416,1002.642,960.301,945.406,957.111,981.332,1051.129,1127.312,1219.927,1291.844,1336.435,1358.529,1309.807,1321.247,1358.526,1389.509,1359.131,1322.529,1464.075,1508.801,1473.572,1401.576,1284.953,1162.988
178,1062.964,1000.293,962.174,940.49,953.938,985.429,1072.738,1151.074,1226.308,1290.075,1330.502,1329.848,1268.067,1275.03,1308.346,1330.036,1298.132,1281.186,1419.745,1458.892,1421.849,1349.508,1233.881,1104.736
179,1010.793,956.796,914.063,905.452,926.52,961.988,1042.338,1116.983,1180.79,1231.41,1258.267,1286.547,1238.944,1249.645,1285.423,1312.042,1280.641,1238.94,1388.793,1439.535,1404.742,1339.081,1227.228,1104.508
180,1015.22,953.654,925.354,913.073,926.317,960.512,1035.479,1109.377,1178.153,1224.968,1270.842,1294.936,1257.677,1263.034,1309.686,1321.365,1289.879,1253.123,1393.173,1434,1398.47,1334.845,1218.477,1098.56
181,1002.892,939.755,901.961,890.989,898.724,921.86,950.87,961.073,1064.456,1148.263,1188.685,1210.544,1172.845,1156.077,1162.041,1160.861,1148.732,1147.992,1319.015,1373.435,1337.546,1274.533,1181.606,1075.201
182,987.32,924.434,886.078,856.797,849.41,855.497,846.471,810.867,870.642,920.816,944.673,965.333,966.778,955.597,962.18,982.779,1002.036,1028.711,1224.722,1297.723,1281.771,1227.235,1134.381,1030.428
183,949.873,890.5,855.661,840.154,842.887,879.939,953.791,1013.949,1124.826,1211.885,1259.402,1292.569,1255.193,1265.1,1307.279,1326.891,1311.764,1277.838,1400.742,1447.53,1410.829,1342.746,1229.947,1119.078
184,1030.285,971.289,943.044,925.672,922.148,952.261,1007.776,1053.029,1162.154,1257.731,1302.384,1329.343,1283.489,1296.074,1351.623,1365.265,1343.913,1308.995,1436.682,1477.897,1441.957,1372.529,1260.029,1143.832
185,1052.393,990.622,956.028,933.311,933.749,962.626,1025.734,1082.174,1191.889,1279.752,1333.763,1360.351,1309.09,1320.321,1374.394,1380.926,1353.488,1318.869,1444.964,1487.117,1452.518,1382.626,1277.05,1165.434
186,1067.798,1003.812,968.513,947.673,946.203,976.26,1028.976,1070.665,1184.545,1268.351,1306.112,1332.498,1285.255,1295.676,1340.688,1363.531,1346.266,1300.34,1431.88,1473.391,1442.544,1383.31,1274.249,1168.669
187,1064.488,1006.845,966.504,955.332,963.14,990.784,1055.706,1099.146,1214.923,1291.703,1337.077,1363.394,1313.735,1328.332,1380.951,1397.912,1355.918,1312.568,1437.015,1475.276,1434.357,1375.882,1269.503,1161.918
188,1068.393,1005.06,968.449,950.293,959.594,978.426,1002.905,1003.957,1109.007,1190.194,1215.814,1225.162,1185.944,1165.912,1174.541,1174.315,1154.244,1155.394,1326.508,1392.731,1365.317,1306.925,1216.802,1117.397
189,1029.183,963.739,927.448,906.875,893.553,895.462,892.838,847.727,905.231,956.158,990.421,1009.239,1004.139,997.872,993.468,1005.499,1019.16,1042.568,1221.12,1305.514,1291.99,1241.259,1153.63,1054.718
190,983.731,918.417,883.817,882.956,894.466,924.657,989.645,1045.965,1165.774,1251.026,1294.045,1322.517,1274.969,1298.07,1346.935,1370.299,1341.59,1292.462,1412.625,1464.993,1431.635,1367.981,1260.519,1148.484
191,1048.463,993.699,962.663,949.011,959.89,986.132,1040.841,1088.566,1208.814,1294.743,1348.351,1371.899,1329.832,1341.843,1392.602,1410.985,1372.936,1312.708,1435.373,1486.337,1454.38,1390.755,1276.421,1152.31
192,1048.966,995.776,960.646,946.308,964.154,1000.352,1056.776,1112.038,1229.959,1329.416,1373.844,1398.942,1347.773,1366.233,1408.272,1436.472,1397.849,1333.021,1433.288,1482.183,1450.999,1389.77,1276.582,1151.255
193,1047.532,978.978,923.728,916.641,927.949,957.437,1014.576,1057.627,1153.135,1215.86,1242.643,1254.891,1193.838,1193.003,1227.429,1224.85,1200.276,1202.82,1337.169,1389.051,1359.86,1297.514,1188.323,1078.048
194,990.34,926.015,902.435,888.808,905.928,948.686,1019.975,1054.223,1150.538,1219.629,1245.069,1263.977,1208.113,1207.766,1243.379,1246.894,1228.211,1191.317,1333.964,1383.348,1348.92,1285.183,1180.896,1073.245
195,988.489,930.727,900.391,887.414,899.701,922.567,953.292,959.999,1055.33,1122.079,1151.056,1166.584,1132.715,1114.274,1110.022,1113.938,1098.674,1089.252,1249.517,1315.264,1287.693,1228.677,1137.488,1046.94
196,961.289,901.722,870.017,848.635,838.535,844.777,840.777,792.327,842.378,890.118,921.209,932.595,928.697,923.3,923.839,918.305,916.681,938.59,1132.336,1224.246,1212.354,1166.916,1079.391,978.959
197,901.688,854.789,826.603,810.443,806.443,832.755,878.842,901.533,1000.849,1079.362,1122.797,1147.615,1113.713,1123.188,1154.803,1162.281,1158.395,1163.765,1306.898,1360.146,1329.803,1262.052,1152.15,1047.121
198,972.514,919.851,893.751,881.697,881.521,910.472,985.946,1034.604,1137.726,1207.953,1234.622,1256.581,1198.745,1200.817,1241.934,1256.571,1243.589,1225.461,1340.309,1399.038,1367.995,1300.82,1183.955,1077.364
199,987.611,937.104,899.113,894.888,913.437,939.135,1011.455,1047.399,1153.948,1222.7,1258.722,1271.779,1207.748,1217.571,1252.398,1267.494,1240.138,1210.452,1346.867,1409.51,1375.858,1306.633,1194.555,1074.442
200,996.997,940.767,910.433,893.092,903.053,941.431,997.708,1049.998,1154.967,1225.09,1261.632,1285.595,1235.954,1249.59,1295.128,1314.351,1298.491,1255.177,1376.178,1442.148,1407.501,1341.674,1229.863,1112.555
201,1017.971,957.341,928.941,913.922,925.924,959.023,1013.655,1069.53,1179.75,1250.354,1288.663,1322.194,1276.445,1292.507,1351.713,1378.928,1346.506,1285.589,1405.422,1469.919,1427.413,1359.811,1257.418,1143.899
202,1050.635,983.077,937.616,921.794,927.38,953.75,977.766,989.374,1097.518,1183.321,1226.548,1257.349,1220.15,1204.913,1215.95,1222.3,1199.162,1184.217,1333.529,1410.152,1375.448,1312.446,1221.127,1114.395
203,1023.988,951.374,912.079,884.528,871.217,871.406,860.823,825.406,896.536,959.202,1002.849,1034.034,1037.941,1036.396,1057.864,1082.859,1097.315,1110.193,1276.278,1356.577,1344.217,1289.109,1190.194,1070.121
204,971.808,904.754,869.529,857.045,855.57,887.762,983.269,1076.828,1132.765,1185.582,1219.823,1262.575,1218.366,1216.446,1264.781,1297.294,1288.031,1268.63,1393.687,1461.329,1436.499,1377.988,1265.385,1129.109
205,1033.285,972.157,946.457,927.014,938.096,960.825,1033.949,1097.081,1164.845,1210.473,1235.581,1254.419,1199.124,1191.8,1238.021,1265.61,1254.889,1219.433,1353.851,1431.426,1401.049,1338.042,1219.62,1097.31
206,1000.611,950.54,925.732,913.279,930.507,962.702,1044.588,1115.702,1180.844,1237.615,1263.439,1280.653,1222.569,1233.681,1269.177,1288.969,1274.431,1240.925,1358.149,1428.313,1400.539,1339.217,1225.073,1108.697
207,1013.307,953.458,920.843,912.656,923.08,939.025,1024.074,1092.895,1173.984,1227.737,1248.97,1270.579,1204.217,1209.458,1238.132,1248.892,1231.757,1192.745,1330.484,1409.474,1386.063,1321.726,1210.224,1091.832
208,998.191,947.887,913.788,900.339,914.581,950.108,1035.067,1105.457,1176.166,1216.309,1253.598,1272.005,1222.444,1227.627,1269.979,1280.769,1260.127,1231.536,1359.105,1413.024,1378.073,1316.183,1206.234,1088.407
209,994.454,937.783,900.917,891.353,907.717,928.288,957.548,968.738,1072.865,1146.508,1176.47,1183.965,1149.56,1134.565,1135.309,1144.621,1133.401,1126.218,1281.345,1356.392,1323.816,1263.634,1166.551,1057.141
210,967.618,904.561,866.368,841.018,828.436,838.746,824.849,790.698,855.235,909.83,948.175,973.033,982.473,989.477,1005.078,1028.526,1046.105,1059.978,1229.855,1329.985,1315.448,1264.319,1163.146,1049.325
211,958.107,896.795,859.797,847.922,868.181,891.603,988.932,1097.205,1148.321,1219.062,1271.363,1325.754,1300.433,1299.268,1352.015,1380.405,1348.152,1287.506,1398.038,1472.472,1442.4,1374.971,1252.313,1116.709
212,1019.645,944.863,907.105,889.954,906.094,929.143,996.057,1075.722,1157.429,1238.677,1283.491,1316.953,1275.732,1303.051,1360.958,1380.28,1368.521,1298.33,1399.725,1480.352,1456.571,1396.909,1286.164,1146.711
213,1040.698,969.949,928.877,913.164,933.496,963.67,1041.807,1128.272,1204.115,1285.239,1332.449,1366.515,1324.099,1346.009,1402.055,1424.268,1396.509,1335.373,1433.636,1508.864,1482.904,1419.297,1297.821,1181.136
214,1066.75,985.632,947.394,931.946,947.678,972.775,1048.377,1121.567,1214.197,1293.773,1344.014,1379.412,1338.805,1372.772,1435.457,1456.454,1420.594,1363.641,1459.627,1526.893,1497.171,1435.633,1326.529,1193.422
215,1079.781,994.63,954.294,933.069,944.852,975.166,1052.102,1143.031,1230.512,1296.444,1326.917,1352.873,1304.401,1337.76,1392.179,1411.657,1381.449,1314.998,1414.027,1482.974,1446.575,1387.19,1283.814,1165.175
216,1062.849,995.575,953.008,931.827,937.169,959.305,970.919,977.615,1083.765,1161.49,1194.413,1223.715,1209.486,1209.793,1238.102,1241.449,1229.867,1204.572,1342.91,1419.705,1385.193,1326.896,1239.489,1131.042
217,1031.851,959.944,916.627,887.132,867.878,869.029,855.876,832.601,902.183,952.813,985.219,1012.841,1017.29,1015.752,1030.145,1043.933,1048.52,1046.794,1200.878,1308.335,1299.239,1253.786,1170.381,1075.489
218,982.523,914.743,868.59,843.666,833.119,836.337,826.576,811.223,886.653,957.209,1006.555,1043.04,1052.094,1066.475,1096.616,1118.601,1121.226,1131.284,1293.679,1396.18,1382.398,1327.997,1213.512,1090.274
219,964.875,909.166,875.431,857.143,868.525,895.779,995.231,1084.417,1148.561,1213.187,1248.279,1290.773,1260.179,1267.809,1320.251,1341.469,1324.018,1271.727,1375.061,1444.401,1421.94,1362.712,1249.905,1120.205
220,1012.016,954.26,925.369,906.441,914.047,953.118,1025.396,1098.086,1181.907,1257.972,1300.224,1329.091,1287.482,1317.83,1382.517,1408.097,1389.917,1328.412,1435.81,1525.558,1495.089,1426.869,1309.695,1171.711
221,1059.227,987.726,951.146,935.552,950.399,981.278,1061.203,1148.092,1234.071,1318.937,1357.981,1395.095,1353.784,1384.241,1448.962,1461.775,1442.03,1382.45,1479.479,1567.996,1539.789,1473.186,1361.309,1227.92
222,1118.69,1045.96,1007.183,987.587,995.362,1025.044,1092.642,1171.571,1269.928,1361.636,1409.669,1444.252,1403.385,1435.022,1484.768,1494.899,1460.093,1386.626,1485.194,1558.6,1525.158,1459.109,1353.05,1229.61
223,1124.36,1058.395,1012.89,989.669,981.419,988.827,1026.07,1052.65,1131.57,1199.084,1226.419,1231.768,1190.562,1165.809,1166.935,1162.898,1141.015,1131.218,1279.98,1345.84,1315.395,1247.594,1147.052,1041.066
224,961.226,903.901,867.008,848.768,857.897,863.006,864.108,833.98,877.37,923.814,962.1,975.882,968.061,964.226,964.839,977.113,980.854,994.722,1168.694,1275.239,1260.021,1203.074,1099.56,982.302
225,890.735,835.655,809.921,803.542,823.956,864.03,970.758,1039.658,1088.316,1142.301,1180.879,1221.151,1185.494,1182.321,1219.358,1244.407,1235.531,1209.046,1308.332,1401.071,1373.9,1309.577,1195.563,1077.792
226,993.14,929.885,897.592,893.575,914.315,946.87,1014.845,1068.058,1149.605,1226.507,1279.379,1315.096,1272.659,1302.975,1342.087,1373.893,1354.838,1291.271,1387.411,1485.058,1451.216,1382.155,1260.768,1138.179
227,1041.58,976.638,932.41,931.429,942.993,975.657,1054.541,1114.116,1202.791,1285.241,1321.651,1360.239,1323.975,1348.562,1399.685,1418.333,1384.429,1332.021,1412.369,1503.294,1473.76,1411.715,1293.577,1177.617
228,1070.245,1001.68,966.823,953.367,945.967,992.192,1070.159,1143.546,1237.133,1321.868,1366.439,1396.375,1360.613,1394.082,1446.496,1469.198,1442.172,1372.026,1454.632,1548.305,1521.528,1456.783,1337.588,1221.402
229,1120.367,1045.287,1005.485,984.853,996.662,1026.034,1096.858,1168.662,1257.282,1339.656,1365.82,1401.733,1371.141,1408.797,1469.138,1476.08,1446.763,1378.268,1465.037,1552.678,1520.39,1457.609,1355.756,1226.945
230,1111.975,1043.63,1001.711,973.852,968.088,987.274,998.917,1021.657,1116.627,1195.695,1216.16,1229.287,1193.503,1177.452,1177.06,1182.74,1153.226,1127.831,1265.864,1363.574,1334.225,1272.468,1178.682,1071.713
231,990.048,929.443,893.367,870.809,860.581,861.027,831.525,817.436,884.453,942.132,985.346,1017.924,1036.531,1053.759,1080.215,1110.936,1127.845,1129.869,1278.312,1396.599,1384.646,1330.379,1230.638,1120.846
232,1015.009,944.434,911.677,893.733,902.984,941.597,1031.1,1116.235,1201.624,1290.718,1345.05,1404.968,1375.32,1389.425,1431.151,1454.077,1437.494,1379.933,1471.767,1571.663,1544.874,1485.022,1368.559,1246.293
233,1144.289,1060.882,1031.366,997.588,1009.428,1045.922,1117.104,1181.623,1298.002,1400.819,1455.102,1486.639,1437.922,1477.061,1532.661,1548.579,1515.153,1442.773,1515.896,1614.277,1588.678,1527.711,1409.145,1281.138
234,1180.588,1099.241,1050.32,1028.326,1031.73,1059.243,1139.476,1217.736,1317.011,1419.677,1474.993,1510.078,1467.101,1506.101,1564.553,1582.839,1549.794,1462.599,1532.163,1624.367,1596.334,1538.814,1430.244,1316.766
235,1206.997,1125.463,1078.904,1050.832,1060.822,1088.917,1152.043,1220.958,1320.306,1406.248,1421.545,1429.695,1373.313,1405.764,1476.028,1503.904,1481.901,1415.319,1489.537,1596.671,1571.647,1512.284,1405.687,1293.964
236,1187.218,1106.279,1052.905,1029.122,1034.694,1068.456,1131.286,1195.243,1264.501,1325.764,1361.659,1388.772,1345.194,1363.362,1414.806,1431.79,1387.357,1320.666,1393.758,1482.316,1447.719,1386.003,1286.145,1172.996
237,1080.714,1017.375,981.198,960.767,971.743,987.542,1000.169,1017.331,1112.412,1183.866,1206.369,1207.103,1163.597,1135.598,1140.004,1133.499,1113.355,1106.425,1243.446,1345.887,1319.167,1259.327,1166.478,1062.753
238,980.901,925.801,891.527,874.5,883.052,893.403,864.222,859.269,917.322,959.11,991.324,1011.505,1012.701,1013.734,1021.812,1046.318,1048.691,1047.132,1202.82,1311.181,1297.528,1245.748,1143.464,1035.927
239,949.129,897.517,867.044,853.951,872.031,916.765,1018.073,1091.415,1139.265,1210.305,1253.085,1298.831,1271.48,1281.562,1327.372,1353.06,1334.351,1274.962,1361.618,1464.813,1439.313,1371.296,1245.343,1132.375
240,1039.388,977.659,950.046,936.026,954.617,988.055,1055.638,1128.009,1205.887,1284.668,1324.869,1361.344,1324.18,1362.812,1429.685,1456.322,1432.996,1369.016,1451.363,1550.625,1527.04,1467.105,1353.316,1239.091
241,1130.741,1063.759,1011.431,990.668,996.147,1020.774,1111.509,1181.991,1260.416,1334.262,1381.638,1421.65,1378.591,1421.632,1485.901,1512.885,1473.042,1406.807,1477.906,1579.758,1553.87,1498.361,1384.866,1263.642
242,1157.391,1089.054,1040.395,1011.901,1029.859,1058.529,1123.319,1183.628,1284.317,1374.668,1426.733,1457.899,1422.584,1459.457,1521.381,1537.1,1499.043,1430.707,1510.084,1597.531,1571.137,1517.849,1412.11,1287.8
243,1188.268,1114.759,1063.5,1029.231,1026.93,1053.755,1117.434,1173.081,1271.545,1350.996,1409.948,1452.364,1419.942,1461.44,1531.848,1542.026,1501.495,1428.126,1496.798,1585.188,1550.864,1492.229,1392.62,1278.444
244,1177.858,1104.475,1060.9,1033.73,1032.238,1049.467,1048.134,1098,1220.223,1312.049,1347.111,1371.513,1335.297,1325.706,1349.882,1350.61,1325.255,1288.175,1407.772,1500.494,1474.64,1418.949,1330.41,1232.776
245,1145.139,1070.141,1020.642,993.229,975.378,967.958,923.217,902.744,966.888,1031.306,1084.546,1113.678,1114.881,1091.03,1082.849,1114.834,1123.911,1140.74,1304.912,1411.214,1396.479,1341.628,1231.616,1122.228
246,1032.98,969.555,935.826,919.409,938.427,975.7,1075.917,1171.417,1257.757,1356.835,1417.457,1474.616,1439.972,1445.77,1446.047,1414.048,1372.28,1308.832,1387.661,1467.599,1440.309,1373.608,1256.643,1142.669
247,1053.81,995.602,956.075,945.706,959.841,992.897,1063.02,1122.235,1193.353,1257.353,1288.871,1317.783,1267.783,1283.25,1328.874,1339.391,1317.329,1279.303,1381.318,1462.425,1439.968,1381.735,1254,1133.693
248,1045.743,989,956.53,947.864,968.38,1008.83,1091.632,1154.433,1210.681,1270.342,1314.657,1355.144,1316.049,1351.358,1413.191,1443.087,1423.681,1391.749,1461.999,1530.218,1505.309,1447.012,1330.127,1210.812
249,1111.357,1051.147,1017.36,1001.842,1010.875,1044.766,1124.847,1190.381,1293.506,1384.221,1431.77,1472.858,1420.875,1451.053,1501.255,1515.59,1465.127,1395.219,1458.844,1548.56,1521.656,1462.212,1358.012,1235.151
250,1130.197,1061.352,1010.998,990.895,996.186,1029.605,1086.841,1161.879,1252.883,1345.649,1388.428,1433.788,1398.273,1438.073,1502.297,1513.678,1471.404,1392.241,1452.648,1553.709,1523.506,1463.85,1358.96,1234.557
251,1135.749,1061.268,1012.784,984.915,982.455,989.136,976.142,1020.178,1105.812,1179.147,1207.341,1217.16,1182.494,1175.118,1190.525,1205.679,1182.489,1163.071,1277.236,1392.079,1365.182,1309.898,1214.2,1108.297
252,1021.721,959.13,921.049,898.929,898.193,905.074,851.565,873.774,949.367,1012.275,1064.238,1102.732,1108.804,1122.289,1157.031,1190.631,1197.157,1182.072,1308.975,1436.718,1431.752,1384.898,1290.303,1176.244
253,1086.626,1010.742,965.435,942.03,954.538,982.645,1055.21,1146.641,1252.227,1359.538,1435.489,1488.209,1461.597,1503.955,1565.127,1585.995,1559.073,1478.66,1529.396,1622.768,1598.233,1552.959,1449.437,1323.223
254,1213.972,1143.863,1105.386,1083.826,1071.261,1084.501,1129.43,1218.976,1320.766,1421.468,1474.887,1524.923,1501.321,1552.988,1604.864,1612.101,1573.032,1513.567,1560.119,1644.143,1616.745,1559.075,1444.071,1309.712
255,1192.791,1119.778,1048.752,1012.081,1014.385,1040.141,1104.803,1161.638,1218.125,1267.91,1282.997,1298.792,1243.732,1250.388,1286.93,1302.515,1276.168,1228.656,1315.651,1413.351,1397.357,1327.746,1213.547,1110.519
256,1023.748,973.635,945.143,934.932,944.14,981.006,1027.329,1095.963,1160.775,1221.817,1248.159,1273.677,1233.404,1246.99,1287.521,1303.988,1276.743,1240.27,1327.825,1433.927,1409.331,1345.631,1242.49,1119.709
257,1028.636,964.028,931.046,919.905,940.673,981.124,1037.282,1115.611,1194.295,1264.646,1310.623,1347.385,1304.251,1334.929,1389.88,1418.274,1387.272,1334.146,1410.871,1512.093,1479.946,1420.575,1313.788,1188.526
258,1094.755,1024.971,984.582,965.768,973.941,990.452,971.254,1039.174,1153.414,1247.943,1293.552,1317.629,1301.197,1305.896,1324.771,1333.158,1309.81,1276.329,1383.292,1494.698,1468.366,1414.459,1322.014,1217.498
259,1131.276,1060.266,1011.87,980.112,955.399,950.456,880.244,908.616,984.421,1045.563,1098.22,1136.053,1150.525,1166.954,1199.827,1228.844,1238.273,1234.184,1363.371,1488.767,1477.816,1433.93,1345.9,1229.241
260,1122.108,1048.904,999.627,978.02,981.462,1009.165,1078.831,1174.15,1276.954,1376.977,1441.97,1492.313,1463.131,1493.223,1542.72,1555.046,1513.449,1430.799,1495.86,1596.972,1573.279,1517.129,1413.708,1293.13
261,1187.954,1118.389,1069.875,1048.493,1050.678,1071.444,1117.675,1171.258,1244.575,1311.461,1341.869,1374.803,1323.665,1338.875,1388.588,1419.008,1396.807,1331.709,1400.601,1507.089,1480.789,1411.868,1294.989,1178.65
262,1085.131,1026.207,988.172,969.981,994.589,1032.153,1099.314,1180.5,1265.985,1342.922,1389.513,1429.757,1400.828,1448.783,1523.76,1546.593,1515.148,1457,1498.904,1600.744,1577.548,1526.648,1414.423,1291.189
263,1191.794,1109.499,1066.227,1041.948,1050.671,1078.972,1134.554,1241.198,1347.232,1429.142,1466.731,1502.239,1470.301,1518.849,1580.699,1602.483,1550.855,1469.01,1522.996,1612.265,1576.667,1531.953,1437.352,1325.871
264,1221.783,1143.345,1092.316,1072.155,1073.883,1108.985,1130.756,1238.443,1356.015,1451.282,1506.107,1553.122,1520.316,1571.415,1627.423,1639.152,1603.576,1525.113,1569.973,1656.697,1620.488,1567.336,1474.65,1366.222
265,1268.563,1189.146,1135.81,1106.784,1102.614,1108.662,1075.243,1144.071,1277.937,1383.725,1436.131,1476.59,1449.783,1447.047,1464.127,1461.112,1444.315,1398.78,1489.808,1605.148,1575.663,1521.988,1433.326,1332.957
266,1243.082,1168.799,1121.054,1083.066,1064.182,1053.839,960.373,996.115,1074.169,1138.458,1193.477,1236.052,1243.699,1255.175,1278.754,1300.387,1309.111,1296.964,1408.822,1541.07,1532.691,1490.952,1405.125,1293.061
267,1189.827,1113.979,1064.114,1032.395,1033.064,1050.239,1075.903,1155.552,1206.95,1289.589,1353.3,1406.086,1400.229,1409.528,1437.528,1449.179,1432.605,1398.027,1495.258,1615.215,1606.598,1566.115,1466.535,1340.377
268,1231.113,1156.194,1096.327,1073.63,1078.476,1102.052,1144.101,1232.133,1370.81,1490.247,1536.766,1582.062,1540.456,1593.006,1650.914,1664.217,1633.527,1563.407,1605.992,1692.961,1672.915,1626.087,1519.879,1410.67
269,1276.144,1184.585,1119.273,1097.739,1097.627,1115.7,1151.662,1219.092,1282.261,1341.678,1353.136,1368.617,1302.432,1318.126,1348.776,1375.339,1340.353,1299.607,1380.642,1476.873,1452.785,1389.476,1271.095,1149.604
270,1060.099,1002.143,970.303,963.491,984.589,1017.124,1073.494,1158.346,1220.462,1277.037,1310.338,1334.681,1291.536,1317.468,1372.932,1393.697,1357.633,1315.186,1392.311,1501.478,1483.213,1423.936,1313.699,1201.956
271,1099.97,1036.887,1002.548,989.177,997.583,1039.318,1094.174,1174.311,1248.401,1309.78,1342.896,1382.718,1347.276,1382.044,1452.888,1470.621,1429.505,1373.522,1429.33,1535.182,1502.174,1439.933,1338.22,1227.489
272,1137.771,1070.884,1025.901,1007.67,1016.047,1034.39,1005.81,1071.015,1166.666,1226.272,1245.555,1257.74,1223.853,1205.573,1216.593,1207.859,1205.383,1193.567,1314.086,1423.315,1392.665,1337.257,1244.904,1144.343
273,1058.32,1000.625,959.272,931.934,914.519,915.268,844.673,866.295,923.697,970.837,1007.596,1045.195,1067.828,1081.814,1112.524,1147.813,1166.661,1160.389,1290.937,1423.059,1410.256,1363.385,1273.365,1157.367
274,1057.828,987.122,947.23,922.8,933.058,958.587,1030.657,1135.612,1233.307,1329.215,1392.261,1456.719,1440.389,1479.174,1544.894,1569.739,1540.747,1466.803,1517.74,1629.761,1608.98,1564.874,1470.911,1343.46
275,1226.485,1150.631,1101.52,1070.338,1078.48,1093.809,1134.064,1238.626,1369.462,1482.266,1530.222,1570.43,1534.509,1592.794,1658.167,1661.209,1616.336,1535.964,1584.388,1703.701,1687.919,1642.776,1553.98,1422.305
276,1304.759,1224.941,1174.087,1143.398,1143.303,1162.99,1202.498,1299.463,1413.904,1490.266,1474.707,1459.079,1399.235,1406.241,1452.25,1460.421,1426.166,1376.526,1443.801,1548.936,1525.46,1467.108,1365.888,1242.127
277,1144.89,1080.602,1042.336,1022.664,1036.818,1062.61,1101.855,1186.368,1258.614,1316.969,1341.497,1366.17,1295.658,1338.414,1417.825,1441.148,1418.624,1351.62,1428.747,1536.289,1511.047,1454.293,1359.252,1228.374
278,1130.319,1067.233,1034.314,1022.141,1025.323,1054.898,1107.873,1206.511,1312.109,1399.532,1449.905,1501.665,1470.688,1527.708,1586.756,1604.3,1561.01,1488.271,1543.032,1650.605,1623.087,1578.031,1490.632,1380.68
279,1280.33,1196.254,1144.654,1109.672,1110.041,1115,1075.03,1150.33,1255.809,1308.736,1319.067,1316.511,1263.086,1227.789,1208.402,1217.743,1204.183,1192.843,1310.515,1425.565,1394.961,1344.766,1253.972,1146.145
280,1067.583,1001.097,962.92,935.426,934.819,933.962,862.424,892.963,947.671,992.986,1015.573,1043.215,1053.897,1046.581,1052.591,1064.975,1070.397,1083.861,1214.908,1349.019,1343.051,1290.69,1198.281,1085.646
281,999.23,934.347,902.749,888.67,907.345,939.762,1012.987,1104.614,1188.691,1270.207,1325.498,1369.573,1346.872,1377.167,1433.007,1452.002,1424.51,1362.891,1422.613,1545.496,1522.216,1467.473,1366.643,1241.771
282,1138.135,1072.655,1030.801,1012.53,1013.013,1029.465,1071.483,1169.18,1273.681,1365.684,1421.288,1462.112,1428.545,1489.288,1543.159,1566.738,1530.697,1459.296,1510.953,1628.421,1605.27,1557.489,1464.082,1336.461
283,1215.614,1140.98,1094.926,1071.401,1079.544,1088.952,1142.465,1244.69,1367.811,1463.605,1520.249,1562.808,1525.564,1576.73,1634.082,1637.658,1587.337,1510.159,1552.253,1674.041,1652.634,1611.421,1527.817,1410.778
284,1288.913,1205.602,1155.865,1121.473,1105.071,1116.44,1139.731,1221.311,1301.582,1372.278,1408.773,1433.663,1390.051,1433.571,1505.06,1522.251,1485.258,1430.118,1506.511,1605.487,1575.538,1512.036,1396.527,1262.267
285,1146.709,1072.852,1028.468,1002.295,1006.855,1032.14,1067.009,1141.349,1212.304,1269.252,1301.243,1319.374,1275.789,1287.472,1317.794,1314.612,1296.032,1247.522,1339.214,1449.074,1429.05,1367.262,1259.933,1145.649
286,1043.454,987.017,951.225,937.825,953.901,969.248,949.97,1025.733,1121.481,1192.737,1237.373,1269.084,1253.459,1260.162,1281.749,1289.665,1259.366,1234.846,1330.488,1459.787,1430.801,1368.333,1277.044,1173.016
287,1082.168,1008.5,965.228,935.621,920.793,900.527,839.892,897.864,971.479,1036.266,1086.405,1126.956,1145.125,1165.05,1199.861,1224.19,1231.25,1225.591,1327.689,1473.214,1463.649,1425.07,1340.705,1227.128
288,1132.212,1060.255,1010.018,981.774,975.458,991.306,1062.076,1164.639,1277.792,1376.335,1439.786,1502.971,1486.408,1536.171,1594.889,1605.929,1580.062,1514.649,1551.791,1668.632,1655.986,1614.794,1512.481,1390.4
289,1276.441,1200.176,1144.823,1115.876,1100.75,1102.43,1135.938,1231.109,1358.76,1455.906,1508.12,1542.261,1498.777,1551.718,1618.776,1626.213,1593.107,1510.595,1557.394,1671.451,1650.879,1598.851,1494.96,1371.486
290,1255.962,1183.383,1130.273,1090.562,1083.714,1096.236,1131.87,1227.364,1328.586,1415.12,1464.384,1513.157,1485.01,1543.046,1611.068,1618.344,1585.366,1518.012,1560.553,1667.639,1645.83,1601.24,1511.801,1391.079
291,1280.164,1202.849,1155.861,1125.029,1127.79,1138.158,1180.954,1287.613,1418.115,1508.494,1550.79,1590.573,1558.975,1599.558,1636.034,1638.941,1592.17,1527.736,1586.84,1682.334,1656.095,1603.206,1518.305,1386.205
292,1269.256,1175.241,1122.539,1083.128,1084.955,1099.03,1132.44,1225.625,1331.87,1426.491,1474.868,1512.294,1485.34,1550.542,1608.113,1615.526,1572.467,1510.17,1551.097,1649.3,1617.458,1558.586,1465.64,1358.97
293,1265.186,1185.35,1139.428,1106.407,1106.64,1087.522,1061.808,1150.941,1289.987,1401.374,1468.525,1498.046,1470.737,1472.578,1488.144,1482.43,1451.929,1414.902,1500.28,1617.492,1595.07,1538.174,1455.902,1355.226
294,1266.217,1194.351,1142.409,1099.606,1070.077,1032.98,958.113,1007.756,1078.584,1157.456,1218.908,1262.224,1274.929,1298.047,1327.46,1348.581,1351.208,1336.323,1439.069,1574.267,1573.368,1535.257,1449.961,1337.673
295,1239.452,1166.039,1115.552,1088.217,1083.711,1083.987,1134.876,1240.996,1362.788,1470.278,1547.896,1620.873,1596.353,1646.379,1680.207,1683.782,1650.676,1583.838,1628.057,1706.313,1687.488,1646.515,1549.416,1427.878
296,1332.379,1259.399,1210.939,1179.559,1183.2,1186.8,1207.04,1319.876,1451.091,1547.802,1594.863,1647.231,1614.294,1655.502,1693.421,1695.624,1651.051,1596.705,1641.599,1728.67,1699.865,1653.229,1564.177,1438.462
297,1327.191,1248.814,1189.711,1177.043,1178.212,1181.352,1219.016,1326.2,1441.743,1522.004,1554.878,1607.134,1572.664,1619.363,1672.506,1672.368,1626.239,1543.992,1572.907,1694.029,1679.796,1640.059,1551.066,1425.345
298,1315.727,1234.365,1181.85,1140.316,1140.161,1146.798,1167.606,1253.789,1348.162,1396.539,1423.439,1430.588,1380.211,1374.578,1417.491,1436.671,1407.405,1356.53,1415.36,1546.834,1528.514,1482.01,1389.003,1266.517
299,1178.603,1108.263,1066.85,1051.063,1066.261,1074.264,1108.033,1208.897,1316.313,1404.141,1444.004,1467.315,1415.879,1445.214,1505.07,1517.083,1479.959,1415.167,1462.642,1584.008,1555.03,1497.224,1395.56,1284.958
300,1193.125,1123.929,1080.654,1057.913,1063.061,1064.192,1039.424,1118.214,1214.115,1300.229,1346.64,1370.348,1330.177,1318.673,1321.268,1303.457,1257.098,1225.991,1304.454,1444.174,1416.794,1355.727,1266.643,1166.194
301,1089.459,1030.861,993.398,968.158,956.313,930.374,874.147,926.98,993.714,1054.075,1094.912,1133.184,1149.486,1165.139,1195.312,1213.995,1219.519,1212.547,1291.657,1461.345,1461.702,1427.603,1335.527,1208.65
302,1111.664,1039.765,994.069,972.879,983.72,995.193,1075.543,1167.852,1268.906,1358.811,1423.762,1474.443,1452.713,1491.285,1545.913,1567.783,1536.057,1460.09,1474.072,1623.061,1614.194,1579.229,1484.772,1366.732
303,1258.452,1174.897,1122.8,1092.389,1100.228,1104.768,1133.156,1215.063,1310.172,1380.387,1405.098,1416.372,1348.019,1364.249,1395.425,1412.184,1391.522,1342.832,1374.162,1493.422,1462.994,1413.845,1332.903,1232.749
304,1148.528,1083.004,1036.674,1013.48,1028.13,1033.591,1087.059,1188.295,1284.096,1363.049,1413.862,1445.391,1399.281,1425.017,1457.439,1464.602,1418.093,1343.096,1372.198,1512.639,1484.562,1426.827,1340.478,1231.978
305,1142.158,1070.671,1024.085,994.43,995.341,954.922,910.037,964.166,1035.637,1094.996,1147.697,1176.376,1168.01,1163.983,1180.459,1192.087,1183.569,1157.034,1224.073,1401.406,1417.33,1390.887,1315.966,1223.464
306,1127.081,1053.425,1008.631,961.636,953.916,939.066,967.963,1045.2,1108.586,1179.062,1214.933,1237.924,1201.307,1204.53,1241.27,1252.694,1228.308,1190.931,1238.39,1376.933,1353.149,1296.565,1202.7,1098.77
307,1029.753,982.176,948.246,936,944.037,952.178,934.533,1004.672,1097.932,1163.281,1203.994,1225.273,1192.4,1182.046,1178.78,1169.726,1172.614,1152.898,1222.281,1367.416,1339.493,1278.835,1190.726,1089.014
308,1013.879,956.731,915.811,897.066,900.999,859.739,829.734,889.691,968.96,1033.538,1082.121,1121.578,1147.127,1160.322,1193.965,1222.617,1222.283,1213.581,1286.108,1458.256,1457.936,1412.613,1330.986,1224.999
309,1132.932,1058.257,1015.47,993.877,999.811,998.18,1091.403,1200.426,1311.747,1417.609,1480.269,1540.68,1514.41,1569.142,1638.073,1641.199,1600.114,1522.516,1525.627,1663.157,1655.768,1612.179,1526.207,1403.47
310,1295.278,1214.043,1162.586,1137.23,1136.894,1124.219,1172.044,1278.618,1408.668,1520.404,1582.891,1630.738,1594.816,1656.088,1721.552,1725.842,1669.607,1580.851,1589.394,1707.092,1695.235,1658.181,1573.486,1451.141
311,1339.469,1252.976,1211.762,1182.308,1179.608,1151.479,1205.131,1321.418,1456.984,1560.606,1621.691,1656.374,1617.003,1667.758,1729.292,1731.426,1680.839,1595.443,1606.153,1722.418,1711.599,1670.988,1590.706,1468.467
312,1359.445,1276.777,1224.809,1188.418,1185.76,1173.114,1203.978,1301.321,1431.3,1530.553,1590.953,1626.445,1593.381,1655.057,1711.485,1717.043,1664.24,1580.762,1584.057,1718.229,1700.329,1655.218,1559.169,1435.919
313,1325.857,1247.337,1193.157,1163.52,1151.941,1136.543,1189.563,1294.488,1420.787,1519.919,1580.495,1611.174,1581.669,1647.095,1693.16,1706.76,1659.589,1580.366,1579.416,1700.617,1678.753,1635.668,1549.951,1447.868
314,1355.743,1279.101,1221.678,1192.698,1188.098,1151.04,1130.04,1218.918,1348.918,1456.679,1506.655,1538.682,1514.903,1514.644,1532.97,1529.094,1499.989,1460.579,1502.949,1650.629,1639.694,1586.055,1506.181,1412.897
315,1334.464,1261.651,1207.81,1167.741,1150.428,1091.739,1038.429,1091.221,1168.441,1234.717,1287.252,1310.324,1296.787,1304.088,1329.262,1353.374,1351.56,1346.06,1426.222,1579.195,1585.871,1558.525,1488.324,1381.15
316,1279.899,1203.048,1151.69,1122.266,1124.036,1108.632,1200.42,1309.701,1425.246,1528.381,1586.273,1636.58,1600.107,1648.336,1691.065,1693.653,1641.32,1561.337,1555.156,1706.43,1697.089,1664.438,1579.013,1458.979
317,1358.1,1284.11,1235.351,1208.424,1208.712,1176.515,1224.127,1335.074,1459.147,1558.307,1605.232,1639.043,1604.699,1654.546,1713.53,1703.937,1653.818,1574.804,1561.176,1726.421,1719.415,1678.799,1580.137,1451.369
318,1352.027,1276.232,1222.857,1196.13,1191.158,1163.725,1226.045,1333.803,1459.319,1550.551,1611.782,1657.435,1627.466,1675.31,1734.621,1738.079,1686.649,1590.098,1576.284,1730.094,1723.133,1685.385,1603.115,1483.4
319,1371.253,1292.859,1240.07,1202.245,1187.006,1161.724,1215.234,1322.208,1450.36,1553.733,1611.135,1647.298,1610.115,1676.249,1733.77,1739.142,1701.429,1622.718,1605.795,1744.641,1732.656,1691.785,1615.576,1497.71
320,1394.33,1318.369,1262.615,1226.721,1211.845,1185.484,1229.992,1342.155,1470.252,1554.473,1605.275,1657.679,1616.512,1671.585,1727.388,1733.422,1690.025,1618.731,1616.652,1743.938,1723.535,1678.659,1593.142,1490.024
321,1399.269,1323.345,1265.275,1230.385,1222.473,1191.402,1166.69,1257.264,1381.98,1485.936,1533.171,1561.012,1533.744,1536.003,1550.452,1559.65,1513.564,1473.309,1526.324,1674.07,1664.682,1619.973,1535.73,1447.168
322,1362.896,1291.333,1240.558,1196.398,1160.719,1113.709,1047.013,1074.093,1123.65,1169.97,1200.298,1212.028,1204.058,1222.794,1237.583,1240.098,1238.225,1238.647,1302.145,1475.123,1488.688,1452.491,1360.315,1239.873
323,1139.045,1069.064,1025.712,1002.427,999.805,993.722,1080.301,1191.831,1294.565,1361.08,1379.674,1411.163,1369.826,1375.281,1405.577,1419.288,1398.585,1348.902,1359.813,1508.298,1496.933,1445.673,1340.502,1218.772
324,1134.75,1077.94,1048.784,1035.25,1054.14,1052.649,1094.403,1207.132,1311.789,1388.715,1431.206,1454.868,1410.107,1435.892,1487.161,1493.616,1456.556,1407.651,1409.363,1568.101,1562.021,1509.973,1407.506,1282.045
325,1180.069,1117.268,1069.687,1055.733,1067.323,1062.313,1138.238,1238.195,1335.831,1413.087,1457.34,1483.326,1452.178,1488.221,1535.961,1556.836,1521.235,1449.393,1436.724,1583.611,1579.41,1533.566,1431.548,1314.346
326,1216.97,1137.287,1098.719,1077.329,1085.013,1093.198,1144.347,1244.783,1351.073,1423.363,1443.584,1484.797,1450.893,1490.621,1549.253,1553.044,1520.344,1465.01,1458.962,1621.052,1599.337,1532.489,1422.598,1277.23
327,1186.828,1119.173,1066.478,1050.237,1053.342,1059.44,1109.961,1202.791,1285.745,1348.567,1368.767,1369.166,1319.457,1328.596,1348.341,1355.257,1327.679,1294.27,1327.805,1456.99,1431.809,1363.027,1261.545,1156.33
328,1070.326,1021.986,986.968,976.256,984.127,969.191,971.166,1048.909,1146.538,1222.377,1262.776,1280.84,1245.834,1231.94,1244.257,1252.796,1237.985,1214.773,1271.713,1436.461,1426.361,1371.673,1279.91,1178.556
329,1095.927,1033.111,990.355,963.954,949.984,911.471,866.889,917.365,982.663,1048.791,1095.536,1135.71,1147.775,1167.869,1191.807,1203.04,1205.123,1200.735,1265.254,1428.516,1424.013,1371.43,1281.411,1166.504
330,1075.458,1006.687,963.207,947.424,955.134,966.836,1045.886,1154.569,1250.973,1343.325,1396.008,1436.014,1419.355,1442.073,1467.838,1481.14,1438.221,1366.597,1365.757,1518.77,1509.546,1458.451,1350.496,1226.961
331,1133.168,1070.699,1035.713,1027.927,1040.817,1030.421,1086.096,1212.402,1333.644,1424.765,1471.235,1502.022,1472.545,1512.002,1559.68,1576.656,1529.043,1433.943,1403.725,1561.977,1551.857,1502.849,1401.526,1266.893
332,1165.88,1102.798,1065.131,1055.124,1062.526,1050.218,1126.661,1239.352,1354.99,1448.138,1505.166,1550.452,1516.943,1566.855,1618.387,1627.731,1578.955,1504.843,1470.755,1638.384,1633.724,1585.391,1483.292,1359.377
333,1257.54,1180.741,1120.59,1092.628,1105.843,1088.252,1144.254,1254.881,1364.143,1445.864,1491.982,1520.236,1487.381,1544.235,1579.871,1577.677,1539.176,1466.204,1457.512,1611.892,1603.616,1551.631,1455.857,1329.523
334,1234.586,1164.832,1120.776,1098.013,1094.302,1082.385,1124.404,1242.262,1366.35,1455.037,1503.918,1534.287,1510.214,1562.585,1609.833,1613.892,1569.407,1496.184,1472.507,1599.23,1584.271,1530.799,1440.564,1341.749
335,1255.555,1177.2,1122.25,1098.74,1095.222,1062.355,1056.13,1145.511,1266.655,1371.295,1426.339,1454.771,1422.683,1422.503,1423.384,1434.85,1407.996,1366.717,1387.492,1554.464,1546.22,1493.687,1412.177,1314.198
336,1227.548,1154.315,1104.087,1066.297,1042.597,997.323,940.493,978.066,1043.881,1109.201,1159.129,1192.795,1199.069,1174.83,1200.644,1228.317,1235.462,1228.589,1257.095,1452.268,1462.781,1416.358,1355.634,1253.921
337,1152.35,1075.87,1032.84,1006.343,1012.688,1018.201,1071.425,1178.874,1252.913,1312.398,1348.402,1373.513,1339.324,1346.188,1373.955,1386.34,1368.01,1321.049,1323.67,1472.451,1472.507,1427.085,1332.584,1219.354
338,1128.763,1067.309,1025.398,1012.987,1022.096,1025.948,1060.13,1154.686,1254.305,1345.576,1385.478,1412.386,1377.739,1413.52,1447.657,1449.282,1415.203,1365.791,1340.376,1505.177,1501.956,1447.538,1344.892,1209.135
339,1123.01,1056.947,1019.702,1003.375,1008.899,1009.211,1059.296,1176.165,1285.427,1376.067,1433.304,1477.135,1438.469,1477.163,1522.593,1532.243,1495.596,1437.952,1410.014,1560.33,1559.166,1517.281,1429.57,1307.354
340,1203.499,1129.522,1075.796,1049.662,1052.039,1043.154,1079.006,1203.46,1321.334,1415.818,1470.933,1505.909,1477.157,1519.681,1568.267,1580.04,1545.854,1479.349,1447.099,1589.118,1589.232,1549.598,1471.539,1354.006
341,1255.35,1179.49,1127.033,1103.017,1104.383,1091.996,1119.338,1241.849,1373.421,1460.892,1497.923,1540.401,1497.692,1534.634,1577.147,1547.843,1487.327,1416.314,1386.736,1530.51,1521.033,1465.367,1375.482,1273.186
342,1184.588,1117.39,1070.322,1043.079,1051.915,1027.411,1016.126,1099.668,1226.831,1326.268,1381.046,1418.054,1403.247,1400.278,1420.428,1425.484,1403.916,1365.074,1372.715,1545.721,1538.723,1498.736,1422.09,1324.605
343,1242.311,1168.882,1113.007,1077.199,1056.371,1004.247,948.473,1004.113,1080.198,1152.805,1204.641,1241.462,1250.887,1255.456,1272.026,1287.29,1281.643,1263.416,1281.36,1448.537,1464.025,1432.2,1353.301,1252.355
344,1160.589,1087.552,1039.181,1010.326,1013.448,1000.346,1037.082,1165.122,1312.439,1425.444,1480.956,1522.712,1491.618,1541.743,1607.8,1635.311,1597.477,1522.572,1469.46,1630.278,1632.165,1595.024,1514.939,1404.634
345,1290.764,1207.9,1146.045,1112.802,1110.964,1079.164,1114.128,1253.338,1417.12,1512.438,1581.874,1616.713,1577.862,1632.627,1695.45,1694.506,1646.944,1562.958,1520.37,1662.336,1667.68,1625.815,1546.87,1432.661
346,1321.855,1244.388,1185.414,1162.696,1151.774,1126.802,1150.312,1282.602,1434.798,1543.018,1598.354,1633.594,1596.385,1639.376,1689.56,1691.635,1639.683,1554.98,1506.634,1658.351,1663.632,1627.991,1547.922,1441.731
347,1339.006,1247.475,1189.727,1165.52,1161.963,1142.857,1149.208,1274.19,1429.918,1536.482,1595.715,1617.702,1597.544,1636.49,1684.459,1680.371,1617.321,1531.449,1493.799,1628.247,1618.538,1574.695,1496.382,1392.551
348,1302.624,1225.88,1169.052,1142.598,1143.18,1123.815,1137.577,1256.397,1390.147,1475.237,1528.347,1576.702,1553.211,1587.533,1639.181,1646.809,1589.958,1513.193,1470.276,1623.923,1619.032,1566.552,1478.67,1382.324
349,1294.317,1220.126,1160.369,1129.588,1120.88,1082.837,1065.995,1159.72,1302.501,1417.966,1466.553,1491.83,1465.687,1451.948,1452.518,1464.991,1411.345,1359.465,1359.489,1517.688,1519.771,1465.406,1388.098,1296.653
350,1220.99,1152.717,1107.235,1072.586,1050.84,992.907,936.65,984.091,1054.606,1125.121,1180.279,1218.646,1230.158,1243.467,1272.607,1286.318,1284.592,1277.069,1289.091,1462.339,1496.881,1470.284,1420.295,1332.73
351,1238.586,1165.875,1115.755,1083.482,1082.294,1058.847,1094.279,1225.292,1369.216,1479.516,1534.398,1587.049,1558.243,1591.647,1647.212,1650.212,1595.263,1525.584,1468.313,1605.283,1609.802,1576.942,1505.506,1393.636
352,1286.873,1210.71,1156.518,1127.858,1124.85,1113.523,1087.417,1160.047,1264.848,1334.942,1359.916,1380.668,1345.999,1377.662,1410.675,1437.972,1435.163,1380.501,1342.26,1494.168,1491.046,1441.847,1363.827,1259.265
353,1169.014,1104.73,1064.989,1041.815,1035.92,1029.689,1047.846,1178.94,1317.832,1402.696,1468.519,1514.604,1479.355,1516.832,1572.877,1584.892,1538.66,1465.301,1423.672,1589.237,1611.717,1570.24,1478.08,1373.947
354,1273.202,1190.788,1135.852,1098.211,1082.516,1066.256,1070.333,1181.813,1315.055,1410.893,1458.676,1497.1,1465.873,1504.872,1574.3,1587.45,1559.326,1491.37,1447.852,1601.03,1621.379,1570.663,1485.228,1344.479
355,1250.009,1179.742,1133.234,1103.78,1092.961,1083.812,1084.139,1201.414,1347.079,1458.538,1511.511,1552.075,1526.651,1572.573,1636.911,1643.868,1604.697,1533.667,1494.231,1636.372,1646.627,1605.03,1520.834,1425.351
356,1328.176,1245.658,1192.444,1152.333,1124.877,1105.708,1067.086,1140.857,1258.476,1359.166,1407.54,1429.286,1408.949,1414.012,1433.233,1433.987,1399.464,1351.404,1340.857,1515.463,1545.777,1509.805,1440.407,1353.954
357,1258.051,1174.269,1113.85,1072.355,1044.901,1003.423,942.37,985.59,1052.244,1113.873,1165.672,1203.104,1217.976,1240.723,1279.396,1302.616,1314.272,1309.13,1311.817,1500.372,1532.699,1467.195,1378.794,1293.024
358,1212.518,1169.536,1123.337,1072.77,1031.615,989.948,911.094,955.586,1020.038,1080.991,1142.355,1189.874,1201.131,1205.884,1210.636,1214.719,1203.995,1198.382,1204.852,1380.168,1425.376,1398.387,1328.781,1239.865
359,1160.443,1095.599,1050.742,1026.305,1013.753,1003.246,987.343,1060.86,1154.409,1237.529,1293.939,1322.916,1294.483,1308.517,1351.876,1379.23,1365.776,1311.64,1284.098,1451.376,1472.35,1419.711,1316.664,1199.325
360,1111.085,1043.344,1000.976,989.207,995.674,995.562,983.447,1095.385,1244.318,1355.821,1411.811,1441.06,1419.974,1478.204,1553.007,1582.945,1548.253,1477.909,1432.099,1584.726,1603.72,1555.496,1469.96,1350.42
361,1246.039,1162.718,1102.175,1070.894,1076.103,1050.528,1053.433,1172.202,1321.289,1432.126,1497.38,1543.081,1516.433,1555.143,1612.172,1634.796,1590.148,1515.915,1465.996,1617.785,1636.524,1595.701,1509.718,1398.678
362,1295.146,1207.848,1152.294,1122.12,1120.055,1098.328,1091.323,1200.618,1351.192,1455.488,1517.151,1548.933,1520.062,1543.346,1597.021,1612.47,1566.127,1500.677,1458.244,1600.661,1603.428,1558.373,1448.885,1308.606
363,1203.061,1127.88,1073.055,1048.917,1042.407,1038.678,998.007,1028.494,1102.89,1161.844,1195.27,1207.522,1180.037,1171.514,1172.687,1175.398,1151.142,1135.854,1150.36,1327.705,1359.617,1318,1240.193,1147.974
364,1055.568,985.522,939.384,915.589,912.43,886.526,830.574,873.439,949.743,1018.689,1073.183,1108.913,1121.194,1121.654,1134.373,1160.065,1175.51,1186.965,1209.83,1401.971,1459.103,1419.254,1338.568,1247.63
