Source: IEA. Licence: CC BY 4.0,,,,,,,,,,,,,,,,,,,,,,,,HDPE,PVC,LDPE,PP,PET,PS,Other,Total,,,HDPE,PVC,LDPE,PP,PET,PS,Other,Total
This data is subject to the IEA's terms and conditions: https://www.iea.org/t_c/termsandconditions/,,,,,,,,,,,Scale for Texas,,,,,,,,,,,,2020,0.94,0.78,1.34,1.46,0.53,0.51,2.14,7.69,,2020,936836.01,779060.29,1339443.22,1456099.67,527884.21,512865.60,2142690.49,7694879.49
Units: Mt,,,,,,,,,,,Units: Mt,,,,,,,,,,,,2021,0.96,0.80,1.37,1.48,0.54,0.52,2.21,7.88,,2021,956579.14,795700.49,1367671.00,1483260.27,539185.49,523834.86,2209432.79,7875664.04
,Key thermoplastics,HDPE,PVC,LDPE,PP,PET,PS,Other,Total,,,Key thermoplastics,HDPE,PVC,LDPE,PP,PET,PS,Other,Total,(% market),,2022,0.98,0.81,1.40,1.51,0.55,0.53,2.28,8.06,,2022,976322.27,812340.68,1395898.78,1510420.87,550486.77,534804.12,2276175.10,8056448.59
1980,59.88899287,,,,,,,,59.89,,1980,1.156605511,0,0,0,0,0,0,0,1.16,,,2023,1.00,0.83,1.42,1.54,0.56,0.55,2.34,8.24,,2023,996065.40,828980.87,1424126.57,1537581.47,561788.05,545773.38,2342917.41,8237233.14
1985,77.93936796,,,,,,,,77.94,,1985,1.50520318,0,0,0,0,0,0,0,1.51,,,2024,1.02,0.85,1.45,1.56,0.57,0.56,2.41,8.42,,2024,1015808.53,845621.07,1452354.35,1564742.07,573089.33,556742.63,2409659.71,8418017.69
1990,104.9551612,,,,,,,,104.96,,1990,2.026945387,0,0,0,0,0,0,0,2.03,,,2025,1.04,0.86,1.48,1.59,0.58,0.57,2.48,8.60,,2025,1035551.66,862261.26,1480582.13,1591902.67,584390.61,567711.89,2476402.02,8598802.24
1995,137.8283608,,,,,,,,137.83,,1995,2.66180869,0,0,0,0,0,0,0,2.66,,,2026,1.05,0.88,1.51,1.62,0.59,0.58,2.52,8.75,,2026,1053291.63,876843.48,1505945.88,1615060.81,594220.19,577257.67,2522726.03,8745345.68
2000,186.8393131,,,,,,,,186.84,,2000,3.608332163,0,0,0,0,0,0,0,3.61,,,2027,1.07,0.89,1.53,1.64,0.60,0.59,2.57,8.89,,2027,1071031.59,891425.69,1531309.63,1638218.96,604049.77,586803.44,2569050.03,8891889.12
2005,229.753781,,,,,,,,229.75,,2005,4.437117349,0,0,0,0,0,0,0,4.44,,,2028,1.09,0.91,1.56,1.66,0.61,0.60,2.62,9.04,,2028,1088771.56,906007.91,1556673.38,1661377.11,613879.35,596349.22,2615374.04,9038432.57
2010,268.723465,,,,,,,,268.72,,2010,5.189718939,0,0,0,0,0,0,0,5.19,,,2029,1.11,0.92,1.58,1.68,0.62,0.61,2.66,9.18,,2029,1106511.52,920590.13,1582037.13,1684535.26,623708.93,605894.99,2661698.04,9184976.01
2015,322,,,,,,,,322,,2015,6.218621431,0,0,0,0,0,0,0,6.22,,,2030,1.12,0.94,1.61,1.71,0.63,0.62,2.71,9.33,,2030,1124251.48,935172.34,1607400.88,1707693.41,633538.52,615440.77,2708022.05,9331519.45
2020,,48.50933583,40.33971461,69.35632313,75.39678987,27.33382577,26.55616286,110.9484384,398.44,,2020,0,0.93683601,0.779060291,1.339443222,1.456099669,0.527884207,0.512865601,2.142690487,7.69,58.63,,2031,1.14,0.95,1.63,1.73,0.64,0.62,2.75,9.46,,2031,1140297.59,948107.90,1630342.83,1729022.87,641244.14,622915.72,2747044.41,9458975.46
2025,,53.62082884,44.64785802,76.66449083,82.42866427,30.25972541,29.39610187,128.2280099,445.25,,2025,0,1.035551663,0.862261263,1.480582129,1.591902665,0.584390612,0.567711892,2.47640202,8.6,57.80,,2032,1.16,0.96,1.65,1.75,0.65,0.63,2.79,9.59,,2032,1156343.69,961043.46,1653284.78,1750352.33,648949.76,630390.66,2786066.78,9586431.47
2030,,58.21370246,48.4231911,83.23116137,88.42430472,32.80460211,31.86750154,140.221287,483.19,,2030,0,1.124251483,0.935172341,1.607400881,1.707693405,0.633538515,0.61544077,2.708022051,9.33,57.60,,2033,1.17,0.97,1.68,1.77,0.66,0.64,2.83,9.71,,2033,1172389.80,973979.02,1676226.73,1771681.80,656655.38,637865.61,2825089.14,9713887.48
2035,,62.36803595,51.77220547,89.17082826,93.94649912,34.79958651,33.80276391,150.3241697,516.18,,2035,0,1.204482003,0.999850144,1.722110632,1.814340723,0.672066629,0.652815503,2.903133861,9.97,57.59,,2034,1.19,0.99,1.70,1.79,0.66,0.65,2.86,9.84,,2034,1188435.90,986914.58,1699168.68,1793011.26,664361.01,645340.56,2864111.50,9841343.49
2040,,66.48894737,54.92380648,95.06270987,98.82685555,36.4571215,35.40846679,158.9996625,546.17,,2040,0,1.284067059,1.060715404,1.835897531,1.908592552,0.704077755,0.683825622,3.07067922,10.55,57.73,,2035,1.20,1.00,1.72,1.81,0.67,0.65,2.90,9.97,,2035,1204482.00,999850.14,1722110.63,1814340.72,672066.63,652815.50,2903133.86,9968799.50
2045,,69.77497837,57.42320344,99.76091949,103.3356439,37.5272683,36.44350545,165.9115383,570.18,,2045,0,1.347528496,1.10898498,1.926631652,1.995668477,0.724744953,0.703814795,3.204164744,11.01,57.93,,2036,1.22,1.01,1.74,1.83,0.68,0.66,2.94,10.08,,2036,1220399.01,1012023.20,1744868.01,1833191.09,678468.85,659017.53,2936642.93,10084610.62
2050,,72.18779232,59.30154008,103.2106452,107.2028985,38.30381628,37.19442333,171.6327193,589.03,,2050,0,1.394125939,1.145260335,1.993254441,2.070354789,0.739742027,0.718316888,3.314654989,11.38,58.04,,2037,1.24,1.02,1.77,1.85,0.68,0.67,2.97,10.20,,2037,1236316.03,1024196.25,1767625.39,1852041.45,684871.08,665219.55,2970152.00,10200421.75
,,,,,Plastic consumption per capita,,,73.44674919,5.89E+11,,,,,,,,,,344.7184669,11375709409,,,2038,1.25,1.04,1.79,1.87,0.69,0.67,3.00,10.32,,2038,1252233.04,1036369.30,1790382.77,1870891.82,691273.30,671421.57,3003661.08,10316232.88
Population in Texas,,"30,976,754",,Ratio Texas/world,,0.003862498,,,,,,,12.2,10.1,17.4,18.9,,,,,,,2039,1.27,1.05,1.81,1.89,0.70,0.68,3.04,10.43,,2039,1268150.05,1048542.35,1813140.15,1889742.19,697675.53,677623.60,3037170.15,10432044.01
https://worldpopulationreview.com/states/texas-population,,,,,,,,,,,,,,,,,,,,,,,2040,1.28,1.06,1.84,1.91,0.70,0.68,3.07,10.55,,2040,1284067.06,1060715.40,1835897.53,1908592.55,704077.76,683825.62,3070679.22,10547855.14
World population,,"8,019,876,189",,,,,,,,,,,,,,,,,,,,,2041,1.30,1.07,1.85,1.93,0.71,0.69,3.10,10.64,,2041,1296759.35,1070369.32,1854044.36,1926007.74,708211.19,687823.46,3097376.32,10640591.73
"https://www.census.gov/library/stories/2023/12/happy-new-year-2024.html#:~:text=The%20projected%20world%20population%20on,are%20expected%20worldwide%20every%20second.",,,,,,,,,,,,,,,,,,,,,,,2042,1.31,1.08,1.87,1.94,0.71,0.69,3.12,10.73,,2042,1309451.63,1080023.23,1872191.18,1943422.92,712344.63,691821.29,3124073.43,10733328.32
"Per capita plastic waste generation in the United States in 2019, with projections for 2030 and 2060",,,,,,,,,,,,,,,,,,,,,,,2043,1.32,1.09,1.89,1.96,0.72,0.70,3.15,10.83,,2043,1322143.92,1089677.15,1890338.00,1960838.11,716478.07,695819.13,3150770.53,10826064.92
https://www.statista.com/statistics/1339210/us-plastic-waste-generation-per-capita-outlook/,,,,,,,,,,,,,,,,,,,,,,,2044,1.33,1.10,1.91,1.98,0.72,0.70,3.18,10.92,,2044,1334836.21,1099331.06,1908484.83,1978253.29,720611.51,699816.96,3177467.64,10918801.51
For 2030 the per capita consumption is,,,,240,,,,,,,,,,,,,,,,,,,2045,1.35,1.11,1.93,2.00,0.72,0.70,3.20,11.01,,2045,1347528.50,1108984.98,1926631.65,1995668.48,724744.95,703814.80,3204164.74,11011538.10
"The United States produced 221 kilograms of plastic waste per capita in 2019 - roughly five times the global average. Plastics use in the U.S. is projected to increase considerably over the coming decades, which in turn will see plastic waste generation grow. By 2060, it is projected that the average U.S. inhabitant will produce 350 kilograms of plastic waste per year.",,,,,,,,,,,,,,,,,,,,,,,2046,1.36,1.12,1.94,2.01,0.73,0.71,3.23,11.08,,2046,1356847.98,1116240.05,1939956.21,2010605.74,727744.37,706715.21,3226262.79,11084372.36
,,,,,,,,,,,,,,,,,,,,,,,2047,1.37,1.12,1.95,2.03,0.73,0.71,3.25,11.16,,2047,1366167.47,1123495.12,1953280.77,2025543.00,730743.78,709615.63,3248360.84,11157206.62
"From global, the plastic consumption estimation will be about 5 times the global average.",,,,,,,,,,,,,,,,,,,,,,,2048,1.38,1.13,1.97,2.04,0.73,0.71,3.27,11.23,,2048,1375486.96,1130750.19,1966605.33,2040480.26,733743.20,712516.05,3270458.89,11230040.88
Plastic consumption per capita,,,367.23,,A factor of ,5,is applied to all consumptions,,,,,,,,,,,,,,,,2049,1.38,1.14,1.98,2.06,0.74,0.72,3.29,11.30,,2049,1384806.45,1138005.26,1979929.88,2055417.53,736742.61,715416.47,3292556.94,11302875.15
,,,,,,,,,,,,,,,,,,,,,,,2050,1.39,1.15,1.99,2.07,0.74,0.72,3.31,11.38,,2050,1394125.94,1145260.34,1993254.44,2070354.79,739742.03,718316.89,3314654.99,11375709.41
